time;value:ana_in_4;value:ana_in_5;value:ps_pin;id:ps_pin;bucket:ps_pin;metadata:ps_pin;value:inputs;id:inputs;bucket:inputs;metadata:inputs;value:ip;id:ip;bucket:ip;metadata:ip;value:location;id:location;bucket:location;location:location;metadata:location;value:rssi;id:rssi;bucket:rssi;metadata:rssi
2022-08-01T16:50:20.000-03:00;;1343;2;62e82e7c7508c615991cf2ba;62dfe29bf64d3100118bcb08;"{""mqtt_topic"":""ps_pin""}";;;;;;;;;;;;;;;;;
2022-08-01T16:46:39.000-03:00;;1278;;;;;;;;;;;;;;;;;;;;;
2022-08-01T16:46:34.000-03:00;;1376;;;;;;;;;;;;;;;;;;;;;
2022-08-01T16:46:30.000-03:00;;1265;2;62e82d967508c615991ced48;62dfe29bf64d3100118bcb08;"{""mqtt_topic"":""ps_pin""}";;;;;;;;;;;;;;;;;
2022-08-01T16:46:19.000-03:00;;1281;;;;;;;;;;;;;;;;;;;;;
2022-08-01T16:46:15.000-03:00;;1238;;;;;;;;;;;;;;;;;;;;;
2022-08-01T16:46:09.000-03:00;;1316;;;;;;;;;;;;;;;;;;;;;
2022-08-01T16:46:04.000-03:00;;1255;;;;;;;;;;;;;;;;;;;;;
2022-08-01T16:45:59.000-03:00;;1317;;;;;;;;;;;;;;;;;;;;;
2022-08-01T16:45:55.000-03:00;;1311;;;;;;;;;;;;;;;;;;;;;
2022-08-01T16:45:50.000-03:00;;1328;;;;;;;;;;;;;;;;;;;;;
2022-08-01T16:45:44.000-03:00;;1254;;;;;;;;;;;;;;;;;;;;;
2022-08-01T16:45:39.000-03:00;;1310;;;;;;;;;;;;;;;;;;;;;
2022-08-01T16:45:34.000-03:00;;1317;;;;;;;;;;;;;;;;;;;;;
2022-08-01T16:45:29.000-03:00;;1281;;;;;;;;;;;;;;;;;;;;;
2022-08-01T16:45:24.000-03:00;;1343;;;;;;;;;;;;;;;;;;;;;
2022-08-01T16:45:20.000-03:00;;1317;;;;;;;;;;;;;;;;;;;;;
2022-08-01T16:45:15.000-03:00;;1326;;;;;;;;;;;;;;;;;;;;;
2022-08-01T16:45:09.000-03:00;;1303;;;;;;;;;;;;;;;;;;;;;
2022-08-01T16:45:04.000-03:00;;;;;;;;;;;;;;;;;;;;;;;
2022-08-01T16:44:59.000-03:00;;1319;;;;;;;;;;;;;;;;;;;;;
2022-08-01T16:44:54.000-03:00;;1302;;;;;;;;;;;;;;;;;;;;;
2022-08-01T16:44:49.000-03:00;;1317;;;;;;;;;;;;;;;;;;;;;
2022-08-01T16:44:45.000-03:00;;1259;;;;;;;;;;;;;;;;;;;;;
2022-08-01T16:44:40.000-03:00;;1261;;;;;;;;;;;;;;;;;;;;;
2022-08-01T16:44:34.000-03:00;;1353;;;;;;;;;;;;;;;;;;;;;
2022-08-01T16:44:29.000-03:00;;1254;;;;;;;;;;;;;;;;;;;;;
2022-08-01T16:44:24.000-03:00;;1322;;;;;;;;;;;;;;;;;;;;;
2022-08-01T16:44:19.000-03:00;;1295;;;;;;;;;;;;;;;;;;;;;
2022-08-01T16:44:14.000-03:00;;1318;;;;;;;;;;;;;;;;;;;;;
2022-08-01T16:44:10.000-03:00;;1307;;;;;;;;;;;;;;;;;;;;;
2022-08-01T16:44:05.000-03:00;;1321;;;;;;;;;;;;;;;;;;;;;
2022-08-01T16:43:59.000-03:00;;1319;;;;;;;;;;;;;;;;;;;;;
2022-08-01T16:43:54.000-03:00;;1318;;;;;;;;;;;;;;;;;;;;;
2022-08-01T16:43:49.000-03:00;;1315;;;;;;;;;;;;;;;;;;;;;
2022-08-01T16:43:45.000-03:00;;1250;;;;;;;;;;;;;;;;;;;;;
2022-08-01T16:43:39.000-03:00;;1242;;;;;;;;;;;;;;;;;;;;;
2022-08-01T16:43:35.000-03:00;;1322;;;;;;;;;;;;;;;;;;;;;
2022-08-01T16:43:30.000-03:00;;1322;;;;;;;;;;;;;;;;;;;;;
2022-08-01T16:43:24.000-03:00;;1303;;;;;;;;;;;;;;;;;;;;;
2022-08-01T16:43:19.000-03:00;;1328;;;;;;;;;;;;;;;;;;;;;
2022-08-01T16:43:14.000-03:00;;1306;;;;;;;;;;;;;;;;;;;;;
2022-08-01T16:43:09.000-03:00;;1314;;;;;;;;;;;;;;;;;;;;;
2022-08-01T16:43:04.000-03:00;;1322;;;;;;;;;;;;;;;;;;;;;
2022-08-01T16:43:00.000-03:00;;1255;;;;;;;;;;;;;;;;;;;;;
2022-08-01T16:42:54.000-03:00;;1321;;;;;;;;;;;;;;;;;;;;;
2022-08-01T16:42:49.000-03:00;;1260;;;;;;;;;;;;;;;;;;;;;
2022-08-01T16:42:44.000-03:00;;1321;;;;;;;;;;;;;;;;;;;;;
2022-08-01T16:42:40.000-03:00;;1323;;;;;;;;;;;;;;;;;;;;;
2022-08-01T16:42:34.000-03:00;;1317;;;;;;;;;;;;;;;;;;;;;
2022-08-01T16:42:29.000-03:00;;1313;;;;;;;;;;;;;;;;;;;;;
2022-08-01T16:42:24.000-03:00;;1348;;;;;;;;;;;;;;;;;;;;;
2022-08-01T16:42:19.000-03:00;;1319;;;;;;;;;;;;;;;;;;;;;
2022-08-01T16:42:14.000-03:00;;1254;;;;;;;;;;;;;;;;;;;;;
2022-08-01T16:42:09.000-03:00;;1258;;;;;;;;;;;;;;;;;;;;;
2022-08-01T16:42:05.000-03:00;;1315;;;;;;;;;;;;;;;;;;;;;
2022-08-01T16:42:00.000-03:00;;1319;;;;;;;;;;;;;;;;;;;;;
2022-08-01T16:41:54.000-03:00;;1253;;;;;;;;;;;;;;;;;;;;;
2022-08-01T16:41:49.000-03:00;;1319;;;;;;;;;;;;;;;;;;;;;
2022-08-01T16:41:44.000-03:00;;1249;;;;;;;;;;;;;;;;;;;;;
2022-08-01T16:41:39.000-03:00;;1296;;;;;;;;;;;;;;;;;;;;;
2022-08-01T16:41:34.000-03:00;;1253;;;;;;;;;;;;;;;;;;;;;
2022-08-01T16:41:29.000-03:00;;1318;;;;;;;;;;;;;;;;;;;;;
2022-08-01T16:41:25.000-03:00;;1316;;;;;;;;;;;;;;;;;;;;;
2022-08-01T16:41:19.000-03:00;;1319;;;;;;;;;;;;;;;;;;;;;
2022-08-01T16:41:14.000-03:00;;1323;;;;;;;;;;;;;;;;;;;;;
2022-08-01T16:41:09.000-03:00;;1297;;;;;;;;;;;;;;;;;;;;;
2022-08-01T16:41:04.000-03:00;;1315;;;;;;;;;;;;;;;;;;;;;
2022-08-01T16:40:59.000-03:00;;1309;;;;;;;;;;;;;;;;;;;;;
2022-08-01T16:40:54.000-03:00;;1299;;;;;;;;;;;;;;;;;;;;;
2022-08-01T16:40:49.000-03:00;;1289;;;;;;;;;;;;;;;;;;;;;
2022-08-01T16:40:44.000-03:00;;1254;;;;;;;;;;;;;;;;;;;;;
2022-08-01T16:40:39.000-03:00;;1303;;;;;;;;;;;;;;;;;;;;;
2022-08-01T16:40:34.000-03:00;;1255;;;;;;;;;;;;;;;;;;;;;
2022-08-01T16:40:29.000-03:00;;1286;;;;;;;;;;;;;;;;;;;;;
2022-08-01T16:40:24.000-03:00;;1294;;;;;;;;;;;;;;;;;;;;;
2022-08-01T16:40:19.000-03:00;;1321;;;;;;;;;;;;;;;;;;;;;
2022-08-01T16:40:15.000-03:00;;1299;;;;;;;;;;;;;;;;;;;;;
2022-08-01T16:40:09.000-03:00;;1314;;;;;;;;;;;;;;;;;;;;;
2022-08-01T16:40:04.000-03:00;;1251;;;;;;;;;;;;;;;;;;;;;
2022-08-01T16:39:59.000-03:00;;1312;;;;;;;;;;;;;;;;;;;;;
2022-08-01T16:39:55.000-03:00;;1313;;;;;;;;;;;;;;;;;;;;;
2022-08-01T16:39:49.000-03:00;;1255;;;;;;;;;;;;;;;;;;;;;
2022-08-01T16:39:45.000-03:00;;1311;;;;;;;;;;;;;;;;;;;;;
2022-08-01T16:39:40.000-03:00;;1239;;;;;;;;;;;;;;;;;;;;;
2022-08-01T16:39:34.000-03:00;;1311;;;;;;;;;;;;;;;;;;;;;
2022-08-01T16:39:29.000-03:00;;1312;;;;;;;;;;;;;;;;;;;;;
2022-08-01T16:39:24.000-03:00;;1302;;;;;;;;;;;;;;;;;;;;;
2022-08-01T16:39:20.000-03:00;;1311;;;;;;;;;;;;;;;;;;;;;
2022-08-01T16:39:14.000-03:00;;1307;;;;;;;;;;;;;;;;;;;;;
2022-08-01T16:39:09.000-03:00;;1309;;;;;;;;;;;;;;;;;;;;;
2022-08-01T16:39:04.000-03:00;;1264;;;;;;;;;;;;;;;;;;;;;
2022-08-01T16:38:59.000-03:00;;1315;;;;;;;;;;;;;;;;;;;;;
2022-08-01T16:38:54.000-03:00;;1312;;;;;;;;;;;;;;;;;;;;;
2022-08-01T16:38:49.000-03:00;;1253;;;;;;;;;;;;;;;;;;;;;
2022-08-01T16:38:44.000-03:00;;1311;;;;;;;;;;;;;;;;;;;;;
2022-08-01T16:38:39.000-03:00;;1321;;;;;;;;;;;;;;;;;;;;;
2022-08-01T16:38:34.000-03:00;;1248;;;;;;;;;;;;;;;;;;;;;
2022-08-01T16:38:29.000-03:00;;1311;;;;;;;;;;;;;;;;;;;;;
2022-08-01T16:38:24.000-03:00;;1250;;;;;;;;;;;;;;;;;;;;;
2022-08-01T16:38:19.000-03:00;;1255;;;;;;;;;;;;;;;;;;;;;
2022-08-01T16:38:14.000-03:00;;1287;;;;;;;;;;;;;;;;;;;;;
2022-08-01T16:38:10.000-03:00;;1321;;;;;;;;;;;;;;;;;;;;;
2022-08-01T16:38:04.000-03:00;;1318;;;;;;;;;;;;;;;;;;;;;
2022-08-01T16:37:59.000-03:00;;1283;;;;;;;;;;;;;;;;;;;;;
2022-08-01T16:37:54.000-03:00;;1313;;;;;;;;;;;;;;;;;;;;;
2022-08-01T16:37:50.000-03:00;;1319;;;;;;;;;;;;;;;;;;;;;
2022-08-01T16:37:44.000-03:00;;1255;;;;;;;;;;;;;;;;;;;;;
2022-08-01T16:37:39.000-03:00;;1323;;;;;;;;;;;;;;;;;;;;;
2022-08-01T16:37:34.000-03:00;;1319;;;;;;;;;;;;;;;;;;;;;
2022-08-01T16:37:29.000-03:00;;1313;;;;;;;;;;;;;;;;;;;;;
2022-08-01T16:37:24.000-03:00;;1314;;;;;;;;;;;;;;;;;;;;;
2022-08-01T16:37:19.000-03:00;;1250;;;;;;;;;;;;;;;;;;;;;
2022-08-01T16:37:14.000-03:00;;1278;;;;;;;;;;;;;;;;;;;;;
2022-08-01T16:37:09.000-03:00;;1323;;;;;;;;;;;;;;;;;;;;;
2022-08-01T16:37:04.000-03:00;;1323;;;;;;;;;;;;;;;;;;;;;
2022-08-01T16:36:59.000-03:00;;1316;;;;;;;;;;;;;;;;;;;;;
2022-08-01T16:36:54.000-03:00;;1315;;;;;;;;;;;;;;;;;;;;;
2022-08-01T16:36:49.000-03:00;;1319;;;;;;;;;;;;;;;;;;;;;
2022-08-01T16:36:44.000-03:00;;1293;;;;;;;;;;;;;;;;;;;;;
2022-08-01T16:36:39.000-03:00;;1312;;;;;;;;;;;;;;;;;;;;;
2022-08-01T16:36:34.000-03:00;;1263;;;;;;;;;;;;;;;;;;;;;
2022-08-01T16:36:29.000-03:00;;1258;;;;;;;;;;;;;;;;;;;;;
2022-08-01T16:36:24.000-03:00;;1258;;;;;;;;;;;;;;;;;;;;;
2022-08-01T16:36:19.000-03:00;;1311;;;;;;;;;;;;;;;;;;;;;
2022-08-01T16:36:14.000-03:00;;1308;;;;;;;;;;;;;;;;;;;;;
2022-08-01T16:36:09.000-03:00;;1321;;;;;;;;;;;;;;;;;;;;;
2022-08-01T16:36:04.000-03:00;;1311;;;;;;;;;;;;;;;;;;;;;
2022-08-01T16:35:59.000-03:00;;1318;;;;;;;;;;;;;;;;;;;;;
2022-08-01T16:35:54.000-03:00;;1255;;;;;;;;;;;;;;;;;;;;;
2022-08-01T16:35:49.000-03:00;;1318;;;;;;;;;;;;;;;;;;;;;
2022-08-01T16:35:44.000-03:00;;1311;;;;;;;;;;;;;;;;;;;;;
2022-08-01T16:35:39.000-03:00;;1299;;;;;;;;;;;;;;;;;;;;;
2022-08-01T16:35:34.000-03:00;;1312;;;;;;;;;;;;;;;;;;;;;
2022-08-01T16:35:29.000-03:00;;1323;;;;;;;;;;;;;;;;;;;;;
2022-08-01T16:35:24.000-03:00;;1313;;;;;;;;;;;;;;;;;;;;;
2022-08-01T16:35:19.000-03:00;;1323;;;;;;;;;;;;;;;;;;;;;
2022-08-01T16:35:14.000-03:00;;1281;;;;;;;;;;;;;;;;;;;;;
2022-08-01T16:35:09.000-03:00;;1319;;;;;;;;;;;;;;;;;;;;;
2022-08-01T16:35:04.000-03:00;;1298;;;;;;;;;;;;;;;;;;;;;
2022-08-01T16:34:59.000-03:00;;1319;;;;;;;;;;;;;;;;;;;;;
2022-08-01T16:34:54.000-03:00;;1306;;;;;;;;;;;;;;;;;;;;;
2022-08-01T16:34:49.000-03:00;;1252;;;;;;;;;;;;;;;;;;;;;
2022-08-01T16:34:44.000-03:00;;1315;;;;;;;;;;;;;;;;;;;;;
2022-08-01T16:34:39.000-03:00;;1311;;;;;;;;;;;;;;;;;;;;;
2022-08-01T16:34:34.000-03:00;;1341;;;;;;;;;;;;;;;;;;;;;
2022-08-01T16:34:29.000-03:00;;1275;;;;;;;;;;;;;;;;;;;;;
2022-08-01T16:34:24.000-03:00;;1301;;;;;;;;;;;;;;;;;;;;;
2022-08-01T16:34:19.000-03:00;;1316;;;;;;;;;;;;;;;;;;;;;
2022-08-01T16:34:14.000-03:00;;1311;;;;;;;;;;;;;;;;;;;;;
2022-08-01T16:34:09.000-03:00;;1315;;;;;;;;;;;;;;;;;;;;;
2022-08-01T16:34:04.000-03:00;;1307;;;;;;;;;;;;;;;;;;;;;
2022-08-01T16:33:59.000-03:00;;1333;;;;;;;;;;;;;;;;;;;;;
2022-08-01T16:33:54.000-03:00;;1313;;;;;;;;;;;;;;;;;;;;;
2022-08-01T16:33:49.000-03:00;;1314;;;;;;;;;;;;;;;;;;;;;
2022-08-01T16:33:44.000-03:00;;1290;;;;;;;;;;;;;;;;;;;;;
2022-08-01T16:33:39.000-03:00;;1307;;;;;;;;;;;;;;;;;;;;;
2022-08-01T16:33:34.000-03:00;;1315;;;;;;;;;;;;;;;;;;;;;
2022-08-01T16:33:29.000-03:00;;1320;;;;;;;;;;;;;;;;;;;;;
2022-08-01T16:33:24.000-03:00;;1312;;;;;;;;;;;;;;;;;;;;;
2022-08-01T16:33:19.000-03:00;;1309;;;;;;;;;;;;;;;;;;;;;
2022-08-01T16:33:14.000-03:00;;1312;;;;;;;;;;;;;;;;;;;;;
2022-08-01T16:33:09.000-03:00;;1323;;;;;;;;;;;;;;;;;;;;;
2022-08-01T16:33:04.000-03:00;;1314;;;;;;;;;;;;;;;;;;;;;
2022-08-01T16:32:59.000-03:00;;1255;;;;;;;;;;;;;;;;;;;;;
2022-08-01T16:32:54.000-03:00;;1312;;;;;;;;;;;;;;;;;;;;;
2022-08-01T16:32:49.000-03:00;;1319;;;;;;;;;;;;;;;;;;;;;
2022-08-01T16:32:44.000-03:00;;1311;;;;;;;;;;;;;;;;;;;;;
2022-08-01T16:32:39.000-03:00;;1306;;;;;;;;;;;;;;;;;;;;;
2022-08-01T16:32:34.000-03:00;;1311;;;;;;;;;;;;;;;;;;;;;
2022-08-01T16:32:29.000-03:00;;1257;;;;;;;;;;;;;;;;;;;;;
2022-08-01T16:32:24.000-03:00;;1254;;;;;;;;;;;;;;;;;;;;;
2022-08-01T16:32:19.000-03:00;;1255;;;;;;;;;;;;;;;;;;;;;
2022-08-01T16:32:14.000-03:00;;1239;;;;;;;;;;;;;;;;;;;;;
2022-08-01T16:32:09.000-03:00;;1310;;;;;;;;;;;;;;;;;;;;;
2022-08-01T16:32:04.000-03:00;;1319;;;;;;;;;;;;;;;;;;;;;
2022-08-01T16:31:59.000-03:00;;1313;;;;;;;;;;;;;;;;;;;;;
2022-08-01T16:31:54.000-03:00;;1322;;;;;;;;;;;;;;;;;;;;;
2022-08-01T16:31:49.000-03:00;;1322;;;;;;;;;;;;;;;;;;;;;
2022-08-01T16:31:44.000-03:00;;1311;;;;;;;;;;;;;;;;;;;;;
2022-08-01T16:31:39.000-03:00;;1296;;;;;;;;;;;;;;;;;;;;;
2022-08-01T16:31:34.000-03:00;;1267;;;;;;;;;;;;;;;;;;;;;
2022-08-01T16:31:29.000-03:00;;1321;;;;;;;;;;;;;;;;;;;;;
2022-08-01T16:31:24.000-03:00;;1314;;;;;;;;;;;;;;;;;;;;;
2022-08-01T16:31:19.000-03:00;;1322;;;;;;;;;;;;;;;;;;;;;
2022-08-01T16:31:14.000-03:00;;1341;;;;;;;;;;;;;;;;;;;;;
2022-08-01T16:31:09.000-03:00;;1321;;;;;;;;;;;;;;;;;;;;;
2022-08-01T16:31:04.000-03:00;;1314;;;;;;;;;;;;;;;;;;;;;
2022-08-01T16:30:59.000-03:00;;1295;;;;;;;;;;;;;;;;;;;;;
2022-08-01T16:30:54.000-03:00;;1316;;;;;;;;;;;;;;;;;;;;;
2022-08-01T16:30:49.000-03:00;;1318;;;;;;;;;;;;;;;;;;;;;
2022-08-01T16:30:44.000-03:00;;1324;;;;;;;;;;;;;;;;;;;;;
2022-08-01T16:30:39.000-03:00;;1254;;;;;;;;;;;;;;;;;;;;;
2022-08-01T16:30:34.000-03:00;;1307;;;;;;;;;;;;;;;;;;;;;
2022-08-01T16:30:29.000-03:00;;1311;;;;;;;;;;;;;;;;;;;;;
2022-08-01T16:30:24.000-03:00;;1312;;;;;;;;;;;;;;;;;;;;;
2022-08-01T16:30:19.000-03:00;;1323;;;;;;;;;;;;;;;;;;;;;
2022-08-01T16:30:14.000-03:00;;1254;;;;;;;;;;;;;;;;;;;;;
2022-08-01T16:30:09.000-03:00;;1316;;;;;;;;;;;;;;;;;;;;;
2022-08-01T16:30:04.000-03:00;;1306;;;;;;;;;;;;;;;;;;;;;
2022-08-01T16:29:59.000-03:00;;1322;;;;;;;;;;;;;;;;;;;;;
2022-08-01T16:29:54.000-03:00;;1331;;;;;;;;;;;;;;;;;;;;;
2022-08-01T16:29:49.000-03:00;;1317;;;;;;;;;;;;;;;;;;;;;
2022-08-01T16:29:44.000-03:00;;1325;;;;;;;;;;;;;;;;;;;;;
2022-08-01T16:29:39.000-03:00;;1307;;;;;;;;;;;;;;;;;;;;;
2022-08-01T16:29:34.000-03:00;;1319;;;;;;;;;;;;;;;;;;;;;
2022-08-01T16:29:29.000-03:00;;1257;;;;;;;;;;;;;;;;;;;;;
2022-08-01T16:29:24.000-03:00;;1321;;;;;;;;;;;;;;;;;;;;;
2022-08-01T16:29:19.000-03:00;;1291;;;;;;;;;;;;;;;;;;;;;
2022-08-01T16:29:14.000-03:00;;1274;;;;;;;;;;;;;;;;;;;;;
2022-08-01T16:29:09.000-03:00;;1327;;;;;;;;;;;;;;;;;;;;;
2022-08-01T16:29:04.000-03:00;;1319;;;;;;;;;;;;;;;;;;;;;
2022-08-01T16:28:59.000-03:00;;1324;;;;;;;;;;;;;;;;;;;;;
2022-08-01T16:28:54.000-03:00;;1283;;;;;;;;;;;;;;;;;;;;;
2022-08-01T16:28:49.000-03:00;;1318;;;;;;;;;;;;;;;;;;;;;
2022-08-01T16:28:44.000-03:00;;1322;;;;;;;;;;;;;;;;;;;;;
2022-08-01T16:28:39.000-03:00;;1315;;;;;;;;;;;;;;;;;;;;;
2022-08-01T16:28:34.000-03:00;;1345;;;;;;;;;;;;;;;;;;;;;
2022-08-01T16:28:29.000-03:00;;1277;;;;;;;;;;;;;;;;;;;;;
2022-08-01T16:28:24.000-03:00;;1320;;;;;;;;;;;;;;;;;;;;;
2022-08-01T16:28:19.000-03:00;;1298;;;;;;;;;;;;;;;;;;;;;
2022-08-01T16:28:14.000-03:00;;1308;;;;;;;;;;;;;;;;;;;;;
2022-08-01T16:28:09.000-03:00;;1313;;;;;;;;;;;;;;;;;;;;;
2022-08-01T16:28:04.000-03:00;;1313;;;;;;;;;;;;;;;;;;;;;
2022-08-01T16:27:59.000-03:00;;1323;;;;;;;;;;;;;;;;;;;;;
2022-08-01T16:27:54.000-03:00;;1259;;;;;;;;;;;;;;;;;;;;;
2022-08-01T16:27:49.000-03:00;;1310;;;;;;;;;;;;;;;;;;;;;
2022-08-01T16:27:44.000-03:00;;1328;;;;;;;;;;;;;;;;;;;;;
2022-08-01T16:27:39.000-03:00;;1249;;;;;;;;;;;;;;;;;;;;;
2022-08-01T16:27:34.000-03:00;;1321;;;;;;;;;;;;;;;;;;;;;
2022-08-01T16:27:29.000-03:00;;1242;;;;;;;;;;;;;;;;;;;;;
2022-08-01T16:27:24.000-03:00;;1316;;;;;;;;;;;;;;;;;;;;;
2022-08-01T16:27:19.000-03:00;;1258;;;;;;;;;;;;;;;;;;;;;
2022-08-01T16:27:14.000-03:00;;1323;;;;;;;;;;;;;;;;;;;;;
2022-08-01T16:27:09.000-03:00;;1267;;;;;;;;;;;;;;;;;;;;;
2022-08-01T16:27:04.000-03:00;;1315;;;;;;;;;;;;;;;;;;;;;
2022-08-01T16:26:59.000-03:00;;1255;;;;;;;;;;;;;;;;;;;;;
2022-08-01T16:26:54.000-03:00;;1257;;;;;;;;;;;;;;;;;;;;;
2022-08-01T16:26:49.000-03:00;;1318;;;;;;;;;;;;;;;;;;;;;
2022-08-01T16:26:44.000-03:00;;1257;;;;;;;;;;;;;;;;;;;;;
2022-08-01T16:26:39.000-03:00;;1255;;;;;;;;;;;;;;;;;;;;;
2022-08-01T16:26:34.000-03:00;;1319;;;;;;;;;;;;;;;;;;;;;
2022-08-01T16:26:29.000-03:00;;1254;;;;;;;;;;;;;;;;;;;;;
2022-08-01T16:26:24.000-03:00;;1254;;;;;;;;;;;;;;;;;;;;;
2022-08-01T16:26:19.000-03:00;;1279;;;;;;;;;;;;;;;;;;;;;
2022-08-01T16:26:14.000-03:00;;1307;;;;;;;;;;;;;;;;;;;;;
2022-08-01T16:26:09.000-03:00;;1255;;;;;;;;;;;;;;;;;;;;;
2022-08-01T16:26:04.000-03:00;;1321;;;;;;;;;;;;;;;;;;;;;
2022-08-01T16:25:59.000-03:00;;1319;;;;;;;;;;;;;;;;;;;;;
2022-08-01T16:25:54.000-03:00;;1305;;;;;;;;;;;;;;;;;;;;;
2022-08-01T16:25:49.000-03:00;;1261;;;;;;;;;;;;;;;;;;;;;
2022-08-01T16:25:44.000-03:00;;1319;;;;;;;;;;;;;;;;;;;;;
2022-08-01T16:25:39.000-03:00;;1312;;;;;;;;;;;;;;;;;;;;;
2022-08-01T16:25:34.000-03:00;;1314;;;;;;;;;;;;;;;;;;;;;
2022-08-01T16:25:29.000-03:00;;1267;;;;;;;;;;;;;;;;;;;;;
2022-08-01T16:25:24.000-03:00;;1318;;;;;;;;;;;;;;;;;;;;;
2022-08-01T16:25:19.000-03:00;;1253;;;;;;;;;;;;;;;;;;;;;
2022-08-01T16:25:14.000-03:00;;1323;;;;;;;;;;;;;;;;;;;;;
2022-08-01T16:25:09.000-03:00;;1315;;;;;;;;;;;;;;;;;;;;;
2022-08-01T16:25:04.000-03:00;;1319;;;;;;;;;;;;;;;;;;;;;
2022-08-01T16:24:59.000-03:00;;1322;;;;;;;;;;;;;;;;;;;;;
2022-08-01T16:24:54.000-03:00;;1317;;;;;;;;;;;;;;;;;;;;;
2022-08-01T16:24:49.000-03:00;;1263;;;;;;;;;;;;;;;;;;;;;
2022-08-01T16:24:44.000-03:00;;1334;;;;;;;;;;;;;;;;;;;;;
2022-08-01T16:24:39.000-03:00;;1261;;;;;;;;;;;;;;;;;;;;;
2022-08-01T16:24:34.000-03:00;;1260;;;;;;;;;;;;;;;;;;;;;
2022-08-01T16:24:29.000-03:00;;1324;;;;;;;;;;;;;;;;;;;;;
2022-08-01T16:24:24.000-03:00;;1323;;;;;;;;;;;;;;;;;;;;;
2022-08-01T16:24:19.000-03:00;;1323;;;;;;;;;;;;;;;;;;;;;
2022-08-01T16:24:14.000-03:00;;1325;;;;;;;;;;;;;;;;;;;;;
2022-08-01T16:24:09.000-03:00;;1319;;;;;;;;;;;;;;;;;;;;;
2022-08-01T16:24:04.000-03:00;;1310;;;;;;;;;;;;;;;;;;;;;
2022-08-01T16:23:59.000-03:00;;1405;;;;;;;;;;;;;;;;;;;;;
2022-08-01T16:23:54.000-03:00;;1317;;;;;;;;;;;;;;;;;;;;;
2022-08-01T16:23:49.000-03:00;;1280;;;;;;;;;;;;;;;;;;;;;
2022-08-01T16:23:44.000-03:00;;1257;;;;;;;;;;;;;;;;;;;;;
2022-08-01T16:23:39.000-03:00;;1321;;;;;;;;;;;;;;;;;;;;;
2022-08-01T16:23:34.000-03:00;;1255;;;;;;;;;;;;;;;;;;;;;
2022-08-01T16:23:29.000-03:00;;1250;;;;;;;;;;;;;;;;;;;;;
2022-08-01T16:23:24.000-03:00;;1314;;;;;;;;;;;;;;;;;;;;;
2022-08-01T16:23:19.000-03:00;;1323;;;;;;;;;;;;;;;;;;;;;
2022-08-01T16:23:14.000-03:00;;1270;;;;;;;;;;;;;;;;;;;;;
2022-08-01T16:23:09.000-03:00;;1317;;;;;;;;;;;;;;;;;;;;;
2022-08-01T16:23:04.000-03:00;;1326;;;;;;;;;;;;;;;;;;;;;
2022-08-01T16:22:59.000-03:00;;1322;;;;;;;;;;;;;;;;;;;;;
2022-08-01T16:22:54.000-03:00;;1260;;;;;;;;;;;;;;;;;;;;;
2022-08-01T16:22:49.000-03:00;;1282;;;;;;;;;;;;;;;;;;;;;
2022-08-01T16:22:44.000-03:00;;1317;;;;;;;;;;;;;;;;;;;;;
2022-08-01T16:22:39.000-03:00;;1325;;;;;;;;;;;;;;;;;;;;;
2022-08-01T16:22:34.000-03:00;;1259;;;;;;;;;;;;;;;;;;;;;
2022-08-01T16:22:29.000-03:00;;1325;;;;;;;;;;;;;;;;;;;;;
2022-08-01T16:22:24.000-03:00;;1258;;;;;;;;;;;;;;;;;;;;;
2022-08-01T16:22:19.000-03:00;;1319;;;;;;;;;;;;;;;;;;;;;
2022-08-01T16:22:14.000-03:00;;1267;;;;;;;;;;;;;;;;;;;;;
2022-08-01T16:22:09.000-03:00;;1322;;;;;;;;;;;;;;;;;;;;;
2022-08-01T16:22:04.000-03:00;;1260;;;;;;;;;;;;;;;;;;;;;
2022-08-01T16:21:59.000-03:00;;1322;;;;;;;;;;;;;;;;;;;;;
2022-08-01T16:21:54.000-03:00;;1319;;;;;;;;;;;;;;;;;;;;;
2022-08-01T16:21:49.000-03:00;;1297;;;;;;;;;;;;;;;;;;;;;
2022-08-01T16:21:44.000-03:00;;1314;;;;;;;;;;;;;;;;;;;;;
2022-08-01T16:21:39.000-03:00;;1255;;;;;;;;;;;;;;;;;;;;;
2022-08-01T16:21:34.000-03:00;;1253;;;;;;;;;;;;;;;;;;;;;
2022-08-01T16:21:29.000-03:00;;1318;;;;;;;;;;;;;;;;;;;;;
2022-08-01T16:21:24.000-03:00;;1248;;;;;;;;;;;;;;;;;;;;;
2022-08-01T16:21:19.000-03:00;;1305;;;;;;;;;;;;;;;;;;;;;
2022-08-01T16:21:14.000-03:00;;1314;;;;;;;;;;;;;;;;;;;;;
2022-08-01T16:21:09.000-03:00;;1314;;;;;;;;;;;;;;;;;;;;;
2022-08-01T16:21:04.000-03:00;;1258;;;;;;;;;;;;;;;;;;;;;
2022-08-01T16:20:56.000-03:00;;1317;;;;;;;;;;;;;;;;;;;;;
2022-08-01T16:20:51.000-03:00;;1293;;;;;;;;;;;;;;;;;;;;;
2022-08-01T16:20:46.000-03:00;;1321;;;;;;;;;;;;;;;;;;;;;
2022-08-01T16:20:42.000-03:00;;1263;;;;;;;;;;;;;;;;;;;;;
2022-08-01T16:20:37.000-03:00;;1315;;;;;;;;;;;;;;;;;;;;;
2022-08-01T16:20:31.000-03:00;;1321;;;;;;;;;;;;;;;;;;;;;
2022-08-01T16:20:26.000-03:00;;1312;;;;;;;;;;;;;;;;;;;;;
2022-08-01T16:20:22.000-03:00;;1318;;;;;;;;;;;;;;;;;;;;;
2022-08-01T16:20:17.000-03:00;;1316;;;;;;;;;;;;;;;;;;;;;
2022-08-01T16:20:11.000-03:00;;1317;;;;;;;;;;;;;;;;;;;;;
2022-08-01T16:20:07.000-03:00;;1295;;;;;;;;;;;;;;;;;;;;;
2022-08-01T16:20:01.000-03:00;;1309;;;;;;;;;;;;;;;;;;;;;
2022-08-01T16:19:56.000-03:00;;1310;;;;;;;;;;;;;;;;;;;;;
2022-08-01T16:19:51.000-03:00;;1318;;;;;;;;;;;;;;;;;;;;;
2022-08-01T16:19:47.000-03:00;;1312;;;;;;;;;;;;;;;;;;;;;
2022-08-01T16:19:41.000-03:00;;1253;;;;;;;;;;;;;;;;;;;;;
2022-08-01T16:19:36.000-03:00;;1264;;;;;;;;;;;;;;;;;;;;;
2022-08-01T16:19:31.000-03:00;;1311;;;;;;;;;;;;;;;;;;;;;
2022-08-01T16:19:26.000-03:00;;1319;;;;;;;;;;;;;;;;;;;;;
2022-08-01T16:19:21.000-03:00;;1315;;;;;;;;;;;;;;;;;;;;;
2022-08-01T16:19:16.000-03:00;;1257;;;;;;;;;;;;;;;;;;;;;
2022-08-01T16:19:12.000-03:00;;1315;;;;;;;;;;;;;;;;;;;;;
2022-08-01T16:19:07.000-03:00;;1316;;;;;;;;;;;;;;;;;;;;;
2022-08-01T16:19:01.000-03:00;;1301;;;;;;;;;;;;;;;;;;;;;
2022-08-01T16:18:56.000-03:00;;1280;;;;;;;;;;;;;;;;;;;;;
2022-08-01T16:18:51.000-03:00;;1317;;;;;;;;;;;;;;;;;;;;;
2022-08-01T16:18:46.000-03:00;;1311;;;;;;;;;;;;;;;;;;;;;
2022-08-01T16:18:41.000-03:00;;1322;;;;;;;;;;;;;;;;;;;;;
2022-08-01T16:18:37.000-03:00;;1254;;;;;;;;;;;;;;;;;;;;;
2022-08-01T16:18:32.000-03:00;;1328;;;;;;;;;;;;;;;;;;;;;
2022-08-01T16:18:26.000-03:00;;1297;;;;;;;;;;;;;;;;;;;;;
2022-08-01T16:18:21.000-03:00;;1323;;;;;;;;;;;;;;;;;;;;;
2022-08-01T16:18:16.000-03:00;;1317;;;;;;;;;;;;;;;;;;;;;
2022-08-01T16:18:11.000-03:00;;1343;;;;;;;;;;;;;;;;;;;;;
2022-08-01T16:18:06.000-03:00;;1259;;;;;;;;;;;;;;;;;;;;;
2022-08-01T16:18:02.000-03:00;;1284;;;;;;;;;;;;;;;;;;;;;
2022-08-01T16:17:57.000-03:00;;1318;;;;;;;;;;;;;;;;;;;;;
2022-08-01T16:17:51.000-03:00;;1322;;;;;;;;;;;;;;;;;;;;;
2022-08-01T16:17:46.000-03:00;;1309;;;;;;;;;;;;;;;;;;;;;
2022-08-01T16:17:41.000-03:00;;1311;;;;;;;;;;;;;;;;;;;;;
2022-08-01T16:17:37.000-03:00;;1279;;;;;;;;;;;;;;;;;;;;;
2022-08-01T16:17:31.000-03:00;;1275;;;;;;;;;;;;;;;;;;;;;
2022-08-01T16:17:26.000-03:00;;1255;;;;;;;;;;;;;;;;;;;;;
2022-08-01T16:17:22.000-03:00;;1317;;;;;;;;;;;;;;;;;;;;;
2022-08-01T16:17:16.000-03:00;;1310;;;;;;;;;;;;;;;;;;;;;
2022-08-01T16:17:11.000-03:00;;1311;;;;;;;;;;;;;;;;;;;;;
2022-08-01T16:17:06.000-03:00;;1322;;;;;;;;;;;;;;;;;;;;;
2022-08-01T16:17:02.000-03:00;;1302;;;;;;;;;;;;;;;;;;;;;
2022-08-01T16:16:56.000-03:00;;1258;;;;;;;;;;;;;;;;;;;;;
2022-08-01T16:16:51.000-03:00;;1314;;;;;;;;;;;;;;;;;;;;;
2022-08-01T16:16:47.000-03:00;;1321;;;;;;;;;;;;;;;;;;;;;
2022-08-01T16:16:41.000-03:00;;1324;;;;;;;;;;;;;;;;;;;;;
2022-08-01T16:16:36.000-03:00;;1347;;;;;;;;;;;;;;;;;;;;;
2022-08-01T16:16:31.000-03:00;;1325;;;;;;;;;;;;;;;;;;;;;
2022-08-01T16:16:26.000-03:00;;1333;;;;;;;;;;;;;;;;;;;;;
2022-08-01T16:16:21.000-03:00;;1253;;;;;;;;;;;;;;;;;;;;;
2022-08-01T16:16:16.000-03:00;;1340;;;;;;;;;;;;;;;;;;;;;
2022-08-01T16:16:11.000-03:00;;1232;;;;;;;;;;;;;;;;;;;;;
2022-08-01T16:16:06.000-03:00;;1318;;;;;;;;;;;;;;;;;;;;;
2022-08-01T16:16:01.000-03:00;;1315;;;;;;;;;;;;;;;;;;;;;
2022-08-01T16:15:56.000-03:00;;1265;;;;;;;;;;;;;;;;;;;;;
2022-08-01T16:15:51.000-03:00;;1294;;;;;;;;;;;;;;;;;;;;;
2022-08-01T16:15:46.000-03:00;;1313;;;;;;;;;;;;;;;;;;;;;
2022-08-01T16:15:41.000-03:00;;1319;;;;;;;;;;;;;;;;;;;;;
2022-08-01T16:15:36.000-03:00;;1263;;;;;;;;;;;;;;;;;;;;;
2022-08-01T16:15:31.000-03:00;;1322;;;;;;;;;;;;;;;;;;;;;
2022-08-01T16:15:26.000-03:00;;1296;;;;;;;;;;;;;;;;;;;;;
2022-08-01T16:15:21.000-03:00;;1321;;;;;;;;;;;;;;;;;;;;;
2022-08-01T16:15:17.000-03:00;;1281;;;;;;;;;;;;;;;;;;;;;
2022-08-01T16:15:11.000-03:00;;1259;;;;;;;;;;;;;;;;;;;;;
2022-08-01T16:15:06.000-03:00;;1322;;;;;;;;;;;;;;;;;;;;;
2022-08-01T16:15:01.000-03:00;;1296;;;;;;;;;;;;;;;;;;;;;
2022-08-01T16:14:56.000-03:00;;1259;;;;;;;;;;;;;;;;;;;;;
2022-08-01T16:14:51.000-03:00;;1319;;;;;;;;;;;;;;;;;;;;;
2022-08-01T16:14:46.000-03:00;;1297;;;;;;;;;;;;;;;;;;;;;
2022-08-01T16:14:41.000-03:00;;1271;;;;;;;;;;;;;;;;;;;;;
2022-08-01T16:14:36.000-03:00;;1317;;;;;;;;;;;;;;;;;;;;;
2022-08-01T16:14:31.000-03:00;;1345;;;;;;;;;;;;;;;;;;;;;
2022-08-01T16:14:26.000-03:00;;1258;;;;;;;;;;;;;;;;;;;;;
2022-08-01T16:14:21.000-03:00;;1318;;;;;;;;;;;;;;;;;;;;;
2022-08-01T16:14:16.000-03:00;;1262;;;;;;;;;;;;;;;;;;;;;
2022-08-01T16:14:11.000-03:00;;1312;;;;;;;;;;;;;;;;;;;;;
2022-08-01T16:14:06.000-03:00;;1296;;;;;;;;;;;;;;;;;;;;;
2022-08-01T16:14:01.000-03:00;;1314;;;;;;;;;;;;;;;;;;;;;
2022-08-01T16:13:56.000-03:00;;1250;;;;;;;;;;;;;;;;;;;;;
2022-08-01T16:13:51.000-03:00;;1317;;;;;;;;;;;;;;;;;;;;;
2022-08-01T16:13:46.000-03:00;;1301;;;;;;;;;;;;;;;;;;;;;
2022-08-01T16:13:41.000-03:00;;1310;;;;;;;;;;;;;;;;;;;;;
2022-08-01T16:13:36.000-03:00;;1328;;;;;;;;;;;;;;;;;;;;;
2022-08-01T16:13:31.000-03:00;;1320;;;;;;;;;;;;;;;;;;;;;
2022-08-01T16:13:26.000-03:00;;1293;;;;;;;;;;;;;;;;;;;;;
2022-08-01T16:13:21.000-03:00;;1322;;;;;;;;;;;;;;;;;;;;;
2022-08-01T16:13:16.000-03:00;;1317;;;;;;;;;;;;;;;;;;;;;
2022-08-01T16:13:11.000-03:00;;1263;;;;;;;;;;;;;;;;;;;;;
2022-08-01T16:13:06.000-03:00;;1313;;;;;;;;;;;;;;;;;;;;;
2022-08-01T16:13:01.000-03:00;;1311;;;;;;;;;;;;;;;;;;;;;
2022-08-01T16:12:56.000-03:00;;1308;;;;;;;;;;;;;;;;;;;;;
2022-08-01T16:12:51.000-03:00;;1318;;;;;;;;;;;;;;;;;;;;;
2022-08-01T16:12:46.000-03:00;;1260;;;;;;;;;;;;;;;;;;;;;
2022-08-01T16:12:41.000-03:00;;1315;;;;;;;;;;;;;;;;;;;;;
2022-08-01T16:12:36.000-03:00;;1254;;;;;;;;;;;;;;;;;;;;;
2022-08-01T16:12:31.000-03:00;;1321;;;;;;;;;;;;;;;;;;;;;
2022-08-01T16:12:26.000-03:00;;1258;;;;;;;;;;;;;;;;;;;;;
2022-08-01T16:12:21.000-03:00;;1310;;;;;;;;;;;;;;;;;;;;;
2022-08-01T16:12:16.000-03:00;;1325;;;;;;;;;;;;;;;;;;;;;
2022-08-01T16:12:11.000-03:00;;1317;;;;;;;;;;;;;;;;;;;;;
2022-08-01T16:12:06.000-03:00;;1255;;;;;;;;;;;;;;;;;;;;;
2022-08-01T16:12:01.000-03:00;;1315;;;;;;;;;;;;;;;;;;;;;
2022-08-01T16:11:56.000-03:00;;1313;;;;;;;;;;;;;;;;;;;;;
2022-08-01T16:11:52.000-03:00;;1323;;;;;;;;;;;;;;;;;;;;;
2022-08-01T16:11:46.000-03:00;;1324;;;;;;;;;;;;;;;;;;;;;
2022-08-01T16:11:41.000-03:00;;1318;;;;;;;;;;;;;;;;;;;;;
2022-08-01T16:11:36.000-03:00;;1314;;;;;;;;;;;;;;;;;;;;;
2022-08-01T16:11:31.000-03:00;;1321;;;;;;;;;;;;;;;;;;;;;
2022-08-01T16:11:26.000-03:00;;1252;;;;;;;;;;;;;;;;;;;;;
2022-08-01T16:11:21.000-03:00;;1296;;;;;;;;;;;;;;;;;;;;;
2022-08-01T16:11:16.000-03:00;;1323;;;;;;;;;;;;;;;;;;;;;
2022-08-01T16:11:11.000-03:00;;1261;;;;;;;;;;;;;;;;;;;;;
2022-08-01T16:11:06.000-03:00;;1314;;;;;;;;;;;;;;;;;;;;;
2022-08-01T16:11:01.000-03:00;;1312;;;;;;;;;;;;;;;;;;;;;
2022-08-01T16:10:56.000-03:00;;1317;;;;;;;;;;;;;;;;;;;;;
2022-08-01T16:10:51.000-03:00;;1312;;;;;;;;;;;;;;;;;;;;;
2022-08-01T16:10:46.000-03:00;;1283;;;;;;;;;;;;;;;;;;;;;
2022-08-01T16:10:42.000-03:00;;1269;;;;;;;;;;;;;;;;;;;;;
2022-08-01T16:10:36.000-03:00;;1319;;;;;;;;;;;;;;;;;;;;;
2022-08-01T16:10:31.000-03:00;;1311;;;;;;;;;;;;;;;;;;;;;
2022-08-01T16:10:26.000-03:00;;1316;;;;;;;;;;;;;;;;;;;;;
2022-08-01T16:10:21.000-03:00;;1291;;;;;;;;;;;;;;;;;;;;;
2022-08-01T16:10:16.000-03:00;;1262;;;;;;;;;;;;;;;;;;;;;
2022-08-01T16:10:12.000-03:00;;1306;;;;;;;;;;;;;;;;;;;;;
2022-08-01T16:10:06.000-03:00;;1280;;;;;;;;;;;;;;;;;;;;;
2022-08-01T16:10:01.000-03:00;;1305;;;;;;;;;;;;;;;;;;;;;
2022-08-01T16:09:56.000-03:00;;1316;;;;;;;;;;;;;;;;;;;;;
2022-08-01T16:09:52.000-03:00;;1314;;;;;;;;;;;;;;;;;;;;;
2022-08-01T16:09:46.000-03:00;;1322;;;;;;;;;;;;;;;;;;;;;
2022-08-01T16:09:41.000-03:00;;1312;;;;;;;;;;;;;;;;;;;;;
2022-08-01T16:09:36.000-03:00;;1321;;;;;;;;;;;;;;;;;;;;;
2022-08-01T16:09:31.000-03:00;;1322;;;;;;;;;;;;;;;;;;;;;
2022-08-01T16:09:26.000-03:00;;1326;;;;;;;;;;;;;;;;;;;;;
2022-08-01T16:09:21.000-03:00;;1319;;;;;;;;;;;;;;;;;;;;;
2022-08-01T16:09:16.000-03:00;;1318;;;;;;;;;;;;;;;;;;;;;
2022-08-01T16:09:11.000-03:00;;1311;;;;;;;;;;;;;;;;;;;;;
2022-08-01T16:09:06.000-03:00;;1317;;;;;;;;;;;;;;;;;;;;;
2022-08-01T16:09:01.000-03:00;;1313;;;;;;;;;;;;;;;;;;;;;
2022-08-01T16:08:56.000-03:00;;1315;;;;;;;;;;;;;;;;;;;;;
2022-08-01T16:08:52.000-03:00;;1318;;;;;;;;;;;;;;;;;;;;;
2022-08-01T16:08:46.000-03:00;;1259;;;;;;;;;;;;;;;;;;;;;
2022-08-01T16:08:41.000-03:00;;1261;;;;;;;;;;;;;;;;;;;;;
2022-08-01T16:08:36.000-03:00;;1327;;;;;;;;;;;;;;;;;;;;;
2022-08-01T16:08:31.000-03:00;;1261;;;;;;;;;;;;;;;;;;;;;
2022-08-01T16:08:26.000-03:00;;1326;;;;;;;;;;;;;;;;;;;;;
2022-08-01T16:08:21.000-03:00;;1264;;;;;;;;;;;;;;;;;;;;;
2022-08-01T16:08:16.000-03:00;;1247;;;;;;;;;;;;;;;;;;;;;
2022-08-01T16:08:11.000-03:00;;1264;;;;;;;;;;;;;;;;;;;;;
2022-08-01T16:08:06.000-03:00;;1314;;;;;;;;;;;;;;;;;;;;;
2022-08-01T16:08:01.000-03:00;;1317;;;;;;;;;;;;;;;;;;;;;
2022-08-01T16:07:56.000-03:00;;1319;;;;;;;;;;;;;;;;;;;;;
2022-08-01T16:07:51.000-03:00;;1328;;;;;;;;;;;;;;;;;;;;;
2022-08-01T16:07:46.000-03:00;;1319;;;;;;;;;;;;;;;;;;;;;
2022-08-01T16:07:41.000-03:00;;1319;;;;;;;;;;;;;;;;;;;;;
2022-08-01T16:07:36.000-03:00;;1319;;;;;;;;;;;;;;;;;;;;;
2022-08-01T16:07:31.000-03:00;;1249;;;;;;;;;;;;;;;;;;;;;
2022-08-01T16:07:26.000-03:00;;1309;;;;;;;;;;;;;;;;;;;;;
2022-08-01T16:07:21.000-03:00;;1259;;;;;;;;;;;;;;;;;;;;;
2022-08-01T16:07:16.000-03:00;;1312;;;;;;;;;;;;;;;;;;;;;
2022-08-01T16:07:11.000-03:00;;1321;;;;;;;;;;;;;;;;;;;;;
2022-08-01T16:07:06.000-03:00;;1275;;;;;;;;;;;;;;;;;;;;;
2022-08-01T16:07:01.000-03:00;;1310;;;;;;;;;;;;;;;;;;;;;
2022-08-01T16:06:56.000-03:00;;1259;;;;;;;;;;;;;;;;;;;;;
2022-08-01T16:06:51.000-03:00;;1326;;;;;;;;;;;;;;;;;;;;;
2022-08-01T16:06:46.000-03:00;;1324;;;;;;;;;;;;;;;;;;;;;
2022-08-01T16:06:41.000-03:00;;1311;;;;;;;;;;;;;;;;;;;;;
2022-08-01T16:06:36.000-03:00;;1293;;;;;;;;;;;;;;;;;;;;;
2022-08-01T16:06:31.000-03:00;;1264;;;;;;;;;;;;;;;;;;;;;
2022-08-01T16:06:26.000-03:00;;1313;;;;;;;;;;;;;;;;;;;;;
2022-08-01T16:06:21.000-03:00;;1311;;;;;;;;;;;;;;;;;;;;;
2022-08-01T16:06:16.000-03:00;;1313;;;;;;;;;;;;;;;;;;;;;
2022-08-01T16:06:11.000-03:00;;1314;;;;;;;;;;;;;;;;;;;;;
2022-08-01T16:06:06.000-03:00;;1303;;;;;;;;;;;;;;;;;;;;;
2022-08-01T16:06:01.000-03:00;;1263;;;;;;;;;;;;;;;;;;;;;
2022-08-01T16:05:56.000-03:00;;1319;;;;;;;;;;;;;;;;;;;;;
2022-08-01T16:05:51.000-03:00;;1251;;;;;;;;;;;;;;;;;;;;;
2022-08-01T16:05:46.000-03:00;;1318;;;;;;;;;;;;;;;;;;;;;
2022-08-01T16:05:41.000-03:00;;1318;;;;;;;;;;;;;;;;;;;;;
2022-08-01T16:05:36.000-03:00;;1315;;;;;;;;;;;;;;;;;;;;;
2022-08-01T16:05:31.000-03:00;;1318;;;;;;;;;;;;;;;;;;;;;
2022-08-01T16:05:26.000-03:00;;1318;;;;;;;;;;;;;;;;;;;;;
2022-08-01T16:05:21.000-03:00;;1315;;;;;;;;;;;;;;;;;;;;;
2022-08-01T16:05:16.000-03:00;;1313;;;;;;;;;;;;;;;;;;;;;
2022-08-01T16:05:11.000-03:00;;1328;;;;;;;;;;;;;;;;;;;;;
2022-08-01T16:05:06.000-03:00;;1315;;;;;;;;;;;;;;;;;;;;;
2022-08-01T16:05:01.000-03:00;;1315;;;;;;;;;;;;;;;;;;;;;
2022-08-01T16:04:56.000-03:00;;1318;;;;;;;;;;;;;;;;;;;;;
2022-08-01T16:04:51.000-03:00;;1350;;;;;;;;;;;;;;;;;;;;;
2022-08-01T16:04:46.000-03:00;;1322;;;;;;;;;;;;;;;;;;;;;
2022-08-01T16:04:41.000-03:00;;1325;;;;;;;;;;;;;;;;;;;;;
2022-08-01T16:04:36.000-03:00;;1296;;;;;;;;;;;;;;;;;;;;;
2022-08-01T16:04:31.000-03:00;;1258;;;;;;;;;;;;;;;;;;;;;
2022-08-01T16:04:26.000-03:00;;1313;;;;;;;;;;;;;;;;;;;;;
2022-08-01T16:04:21.000-03:00;;1259;;;;;;;;;;;;;;;;;;;;;
2022-08-01T16:04:16.000-03:00;;1310;;;;;;;;;;;;;;;;;;;;;
2022-08-01T16:04:11.000-03:00;;1301;;;;;;;;;;;;;;;;;;;;;
2022-08-01T16:04:06.000-03:00;;1311;;;;;;;;;;;;;;;;;;;;;
2022-08-01T16:04:01.000-03:00;;1326;;;;;;;;;;;;;;;;;;;;;
2022-08-01T16:03:56.000-03:00;;1328;;;;;;;;;;;;;;;;;;;;;
2022-08-01T16:03:51.000-03:00;;1261;;;;;;;;;;;;;;;;;;;;;
2022-08-01T16:03:46.000-03:00;;1313;;;;;;;;;;;;;;;;;;;;;
2022-08-01T16:03:41.000-03:00;;1317;;;;;;;;;;;;;;;;;;;;;
2022-08-01T16:03:36.000-03:00;;1323;;;;;;;;;;;;;;;;;;;;;
2022-08-01T16:03:31.000-03:00;;1306;;;;;;;;;;;;;;;;;;;;;
2022-08-01T16:03:26.000-03:00;;1264;;;;;;;;;;;;;;;;;;;;;
2022-08-01T16:03:21.000-03:00;;1262;;;;;;;;;;;;;;;;;;;;;
2022-08-01T16:03:16.000-03:00;;1325;;;;;;;;;;;;;;;;;;;;;
2022-08-01T16:03:11.000-03:00;;1293;;;;;;;;;;;;;;;;;;;;;
2022-08-01T16:03:06.000-03:00;;1324;;;;;;;;;;;;;;;;;;;;;
2022-08-01T16:03:01.000-03:00;;1285;;;;;;;;;;;;;;;;;;;;;
2022-08-01T16:02:56.000-03:00;;1323;;;;;;;;;;;;;;;;;;;;;
2022-08-01T16:02:51.000-03:00;;1326;;;;;;;;;;;;;;;;;;;;;
2022-08-01T16:02:46.000-03:00;;1325;;;;;;;;;;;;;;;;;;;;;
2022-08-01T16:02:41.000-03:00;;1322;;;;;;;;;;;;;;;;;;;;;
2022-08-01T16:02:36.000-03:00;;1328;;;;;;;;;;;;;;;;;;;;;
2022-08-01T16:02:31.000-03:00;;1271;;;;;;;;;;;;;;;;;;;;;
2022-08-01T16:02:26.000-03:00;;1291;;;;;;;;;;;;;;;;;;;;;
2022-08-01T16:02:21.000-03:00;;1299;;;;;;;;;;;;;;;;;;;;;
2022-08-01T16:02:16.000-03:00;;1316;;;;;;;;;;;;;;;;;;;;;
2022-08-01T16:02:11.000-03:00;;1318;;;;;;;;;;;;;;;;;;;;;
2022-08-01T16:02:06.000-03:00;;1322;;;;;;;;;;;;;;;;;;;;;
2022-08-01T16:02:01.000-03:00;;1264;;;;;;;;;;;;;;;;;;;;;
2022-08-01T16:01:56.000-03:00;;1318;;;;;;;;;;;;;;;;;;;;;
2022-08-01T16:01:51.000-03:00;;1319;;;;;;;;;;;;;;;;;;;;;
2022-08-01T16:01:46.000-03:00;;1311;;;;;;;;;;;;;;;;;;;;;
2022-08-01T16:01:41.000-03:00;;1318;;;;;;;;;;;;;;;;;;;;;
2022-08-01T16:01:36.000-03:00;;1319;;;;;;;;;;;;;;;;;;;;;
2022-08-01T16:01:31.000-03:00;;1331;;;;;;;;;;;;;;;;;;;;;
2022-08-01T16:01:26.000-03:00;;1328;;;;;;;;;;;;;;;;;;;;;
2022-08-01T16:01:21.000-03:00;;1326;;;;;;;;;;;;;;;;;;;;;
2022-08-01T16:01:16.000-03:00;;1325;;;;;;;;;;;;;;;;;;;;;
2022-08-01T16:01:11.000-03:00;;1316;;;;;;;;;;;;;;;;;;;;;
2022-08-01T16:01:06.000-03:00;;1318;;;;;;;;;;;;;;;;;;;;;
2022-08-01T16:01:01.000-03:00;;1301;;;;;;;;;;;;;;;;;;;;;
2022-08-01T16:00:56.000-03:00;;1314;;;;;;;;;;;;;;;;;;;;;
2022-08-01T16:00:51.000-03:00;;1328;;;;;;;;;;;;;;;;;;;;;
2022-08-01T16:00:46.000-03:00;;1326;;;;;;;;;;;;;;;;;;;;;
2022-08-01T16:00:41.000-03:00;;1319;;;;;;;;;;;;;;;;;;;;;
2022-08-01T16:00:36.000-03:00;;1307;;;;;;;;;;;;;;;;;;;;;
2022-08-01T16:00:31.000-03:00;;1264;;;;;;;;;;;;;;;;;;;;;
2022-08-01T16:00:26.000-03:00;;1262;;;;;;;;;;;;;;;;;;;;;
2022-08-01T16:00:21.000-03:00;;1324;;;;;;;;;;;;;;;;;;;;;
2022-08-01T16:00:16.000-03:00;;1334;;;;;;;;;;;;;;;;;;;;;
2022-08-01T16:00:11.000-03:00;;1320;;;;;;;;;;;;;;;;;;;;;
2022-08-01T16:00:06.000-03:00;;1315;;;;;;;;;;;;;;;;;;;;;
2022-08-01T16:00:01.000-03:00;;1321;;;;;;;;;;;;;;;;;;;;;
2022-08-01T15:59:56.000-03:00;;1307;;;;;;;;;;;;;;;;;;;;;
2022-08-01T15:59:51.000-03:00;;1312;;;;;;;;;;;;;;;;;;;;;
2022-08-01T15:59:46.000-03:00;;1324;;;;;;;;;;;;;;;;;;;;;
2022-08-01T15:59:41.000-03:00;;1343;;;;;;;;;;;;;;;;;;;;;
2022-08-01T15:59:36.000-03:00;;1313;;;;;;;;;;;;;;;;;;;;;
2022-08-01T15:59:31.000-03:00;;1316;;;;;;;;;;;;;;;;;;;;;
2022-08-01T15:59:26.000-03:00;;1255;;;;;;;;;;;;;;;;;;;;;
2022-08-01T15:59:21.000-03:00;;1310;;;;;;;;;;;;;;;;;;;;;
2022-08-01T15:59:16.000-03:00;;1309;;;;;;;;;;;;;;;;;;;;;
2022-08-01T15:59:11.000-03:00;;1318;;;;;;;;;;;;;;;;;;;;;
2022-08-01T15:59:06.000-03:00;;1313;;;;;;;;;;;;;;;;;;;;;
2022-08-01T15:59:01.000-03:00;;1318;;;;;;;;;;;;;;;;;;;;;
2022-08-01T15:58:56.000-03:00;;1325;;;;;;;;;;;;;;;;;;;;;
2022-08-01T15:58:51.000-03:00;;1325;;;;;;;;;;;;;;;;;;;;;
2022-08-01T15:58:46.000-03:00;;1260;;;;;;;;;;;;;;;;;;;;;
2022-08-01T15:58:41.000-03:00;;1312;;;;;;;;;;;;;;;;;;;;;
2022-08-01T15:58:36.000-03:00;;1252;;;;;;;;;;;;;;;;;;;;;
2022-08-01T15:58:31.000-03:00;;1264;;;;;;;;;;;;;;;;;;;;;
2022-08-01T15:58:26.000-03:00;;1313;;;;;;;;;;;;;;;;;;;;;
2022-08-01T15:58:21.000-03:00;;1313;;;;;;;;;;;;;;;;;;;;;
2022-08-01T15:58:16.000-03:00;;1313;;;;;;;;;;;;;;;;;;;;;
2022-08-01T15:58:11.000-03:00;;1317;;;;;;;;;;;;;;;;;;;;;
2022-08-01T15:58:06.000-03:00;;1317;;;;;;;;;;;;;;;;;;;;;
2022-08-01T15:58:01.000-03:00;;1324;;;;;;;;;;;;;;;;;;;;;
2022-08-01T15:57:56.000-03:00;;1315;;;;;;;;;;;;;;;;;;;;;
2022-08-01T15:57:51.000-03:00;;1314;;;;;;;;;;;;;;;;;;;;;
2022-08-01T15:57:46.000-03:00;;1319;;;;;;;;;;;;;;;;;;;;;
2022-08-01T15:57:41.000-03:00;;1319;;;;;;;;;;;;;;;;;;;;;
2022-08-01T15:57:36.000-03:00;;1296;;;;;;;;;;;;;;;;;;;;;
2022-08-01T15:57:31.000-03:00;;1328;;;;;;;;;;;;;;;;;;;;;
2022-08-01T15:57:26.000-03:00;;1262;;;;;;;;;;;;;;;;;;;;;
2022-08-01T15:57:21.000-03:00;;1332;;;;;;;;;;;;;;;;;;;;;
2022-08-01T15:57:16.000-03:00;;1323;;;;;;;;;;;;;;;;;;;;;
2022-08-01T15:57:11.000-03:00;;1315;;;;;;;;;;;;;;;;;;;;;
2022-08-01T15:57:06.000-03:00;;1308;;;;;;;;;;;;;;;;;;;;;
2022-08-01T15:57:01.000-03:00;;1315;;;;;;;;;;;;;;;;;;;;;
2022-08-01T15:56:56.000-03:00;;1325;;;;;;;;;;;;;;;;;;;;;
2022-08-01T15:56:51.000-03:00;;1303;;;;;;;;;;;;;;;;;;;;;
2022-08-01T15:56:46.000-03:00;;1316;;;;;;;;;;;;;;;;;;;;;
2022-08-01T15:56:41.000-03:00;;1313;;;;;;;;;;;;;;;;;;;;;
2022-08-01T15:56:36.000-03:00;;1323;;;;;;;;;;;;;;;;;;;;;
2022-08-01T15:56:31.000-03:00;;1296;;;;;;;;;;;;;;;;;;;;;
2022-08-01T15:56:26.000-03:00;;1322;;;;;;;;;;;;;;;;;;;;;
2022-08-01T15:56:21.000-03:00;;1315;;;;;;;;;;;;;;;;;;;;;
2022-08-01T15:56:16.000-03:00;;1323;;;;;;;;;;;;;;;;;;;;;
2022-08-01T15:56:11.000-03:00;;1327;;;;;;;;;;;;;;;;;;;;;
2022-08-01T15:56:06.000-03:00;;1328;;;;;;;;;;;;;;;;;;;;;
2022-08-01T15:56:01.000-03:00;;1313;;;;;;;;;;;;;;;;;;;;;
2022-08-01T15:55:56.000-03:00;;1262;;;;;;;;;;;;;;;;;;;;;
2022-08-01T15:55:51.000-03:00;;1314;;;;;;;;;;;;;;;;;;;;;
2022-08-01T15:55:46.000-03:00;;1322;;;;;;;;;;;;;;;;;;;;;
2022-08-01T15:55:41.000-03:00;;1322;;;;;;;;;;;;;;;;;;;;;
2022-08-01T15:55:36.000-03:00;;1267;;;;;;;;;;;;;;;;;;;;;
2022-08-01T15:55:31.000-03:00;;1308;;;;;;;;;;;;;;;;;;;;;
2022-08-01T15:55:26.000-03:00;;1261;;;;;;;;;;;;;;;;;;;;;
2022-08-01T15:55:21.000-03:00;;1314;;;;;;;;;;;;;;;;;;;;;
2022-08-01T15:55:16.000-03:00;;1311;;;;;;;;;;;;;;;;;;;;;
2022-08-01T15:55:11.000-03:00;;1328;;;;;;;;;;;;;;;;;;;;;
2022-08-01T15:55:06.000-03:00;;1295;;;;;;;;;;;;;;;;;;;;;
2022-08-01T15:55:01.000-03:00;;1315;;;;;;;;;;;;;;;;;;;;;
2022-08-01T15:54:56.000-03:00;;1253;;;;;;;;;;;;;;;;;;;;;
2022-08-01T15:54:51.000-03:00;;1322;;;;;;;;;;;;;;;;;;;;;
2022-08-01T15:54:46.000-03:00;;1326;;;;;;;;;;;;;;;;;;;;;
2022-08-01T15:54:41.000-03:00;;1326;;;;;;;;;;;;;;;;;;;;;
2022-08-01T15:54:36.000-03:00;;1342;;;;;;;;;;;;;;;;;;;;;
2022-08-01T15:54:31.000-03:00;;1322;;;;;;;;;;;;;;;;;;;;;
2022-08-01T15:54:26.000-03:00;;1310;;;;;;;;;;;;;;;;;;;;;
2022-08-01T15:54:21.000-03:00;;1321;;;;;;;;;;;;;;;;;;;;;
2022-08-01T15:54:16.000-03:00;;1326;;;;;;;;;;;;;;;;;;;;;
2022-08-01T15:54:11.000-03:00;;1314;;;;;;;;;;;;;;;;;;;;;
2022-08-01T15:54:06.000-03:00;;1330;;;;;;;;;;;;;;;;;;;;;
2022-08-01T15:54:01.000-03:00;;1232;;;;;;;;;;;;;;;;;;;;;
2022-08-01T15:53:56.000-03:00;;1275;;;;;;;;;;;;;;;;;;;;;
2022-08-01T15:53:51.000-03:00;;1322;;;;;;;;;;;;;;;;;;;;;
2022-08-01T15:53:46.000-03:00;;1262;;;;;;;;;;;;;;;;;;;;;
2022-08-01T15:53:41.000-03:00;;1321;;;;;;;;;;;;;;;;;;;;;
2022-08-01T15:53:36.000-03:00;;1296;;;;;;;;;;;;;;;;;;;;;
2022-08-01T15:53:31.000-03:00;;1319;;;;;;;;;;;;;;;;;;;;;
2022-08-01T15:53:26.000-03:00;;1323;;;;;;;;;;;;;;;;;;;;;
2022-08-01T15:53:21.000-03:00;;1260;;;;;;;;;;;;;;;;;;;;;
2022-08-01T15:53:16.000-03:00;;1314;;;;;;;;;;;;;;;;;;;;;
2022-08-01T15:53:11.000-03:00;;1315;;;;;;;;;;;;;;;;;;;;;
2022-08-01T15:53:06.000-03:00;;1319;;;;;;;;;;;;;;;;;;;;;
2022-08-01T15:53:01.000-03:00;;1318;;;;;;;;;;;;;;;;;;;;;
2022-08-01T15:52:56.000-03:00;;1321;;;;;;;;;;;;;;;;;;;;;
2022-08-01T15:52:51.000-03:00;;1289;;;;;;;;;;;;;;;;;;;;;
2022-08-01T15:52:46.000-03:00;;1327;;;;;;;;;;;;;;;;;;;;;
2022-08-01T15:52:41.000-03:00;;1313;;;;;;;;;;;;;;;;;;;;;
2022-08-01T15:52:36.000-03:00;;1328;;;;;;;;;;;;;;;;;;;;;
2022-08-01T15:52:31.000-03:00;;1328;;;;;;;;;;;;;;;;;;;;;
2022-08-01T15:52:26.000-03:00;;1313;;;;;;;;;;;;;;;;;;;;;
2022-08-01T15:52:21.000-03:00;;1327;;;;;;;;;;;;;;;;;;;;;
2022-08-01T15:52:16.000-03:00;;1319;;;;;;;;;;;;;;;;;;;;;
2022-08-01T15:52:11.000-03:00;;1262;;;;;;;;;;;;;;;;;;;;;
2022-08-01T15:52:06.000-03:00;;1313;;;;;;;;;;;;;;;;;;;;;
2022-08-01T15:52:01.000-03:00;;1311;;;;;;;;;;;;;;;;;;;;;
2022-08-01T15:51:56.000-03:00;;1257;;;;;;;;;;;;;;;;;;;;;
2022-08-01T15:51:51.000-03:00;;1286;;;;;;;;;;;;;;;;;;;;;
2022-08-01T15:51:46.000-03:00;;1319;;;;;;;;;;;;;;;;;;;;;
2022-08-01T15:51:41.000-03:00;;1324;;;;;;;;;;;;;;;;;;;;;
2022-08-01T15:51:36.000-03:00;;1266;;;;;;;;;;;;;;;;;;;;;
2022-08-01T15:51:31.000-03:00;;1317;;;;;;;;;;;;;;;;;;;;;
2022-08-01T15:51:26.000-03:00;;1313;;;;;;;;;;;;;;;;;;;;;
2022-08-01T15:51:21.000-03:00;;1314;;;;;;;;;;;;;;;;;;;;;
2022-08-01T15:51:16.000-03:00;;1310;;;;;;;;;;;;;;;;;;;;;
2022-08-01T15:51:11.000-03:00;;1317;;;;;;;;;;;;;;;;;;;;;
2022-08-01T15:51:06.000-03:00;;1294;;;;;;;;;;;;;;;;;;;;;
2022-08-01T15:51:01.000-03:00;;1313;;;;;;;;;;;;;;;;;;;;;
2022-08-01T15:50:56.000-03:00;;1323;;;;;;;;;;;;;;;;;;;;;
2022-08-01T15:50:51.000-03:00;;1264;;;;;;;;;;;;;;;;;;;;;
2022-08-01T15:50:46.000-03:00;;1315;;;;;;;;;;;;;;;;;;;;;
2022-08-01T15:50:41.000-03:00;;1286;;;;;;;;;;;;;;;;;;;;;
2022-08-01T15:50:36.000-03:00;;1328;;;;;;;;;;;;;;;;;;;;;
2022-08-01T15:50:31.000-03:00;;1317;;;;;;;;;;;;;;;;;;;;;
2022-08-01T15:50:26.000-03:00;;1316;;;;;;;;;;;;;;;;;;;;;
2022-08-01T15:50:21.000-03:00;;1314;;;;;;;;;;;;;;;;;;;;;
2022-08-01T15:50:16.000-03:00;;1259;;;;;;;;;;;;;;;;;;;;;
2022-08-01T15:50:11.000-03:00;;1267;;;;;;;;;;;;;;;;;;;;;
2022-08-01T15:50:06.000-03:00;;1328;;;;;;;;;;;;;;;;;;;;;
2022-08-01T15:50:01.000-03:00;;1263;;;;;;;;;;;;;;;;;;;;;
2022-08-01T15:49:56.000-03:00;;1323;;;;;;;;;;;;;;;;;;;;;
2022-08-01T15:49:51.000-03:00;;1299;;;;;;;;;;;;;;;;;;;;;
2022-08-01T15:49:46.000-03:00;;1312;;;;;;;;;;;;;;;;;;;;;
2022-08-01T15:49:41.000-03:00;;1257;;;;;;;;;;;;;;;;;;;;;
2022-08-01T15:49:36.000-03:00;;1282;;;;;;;;;;;;;;;;;;;;;
2022-08-01T15:49:31.000-03:00;;1316;;;;;;;;;;;;;;;;;;;;;
2022-08-01T15:49:26.000-03:00;;1318;;;;;;;;;;;;;;;;;;;;;
2022-08-01T15:49:21.000-03:00;;1259;;;;;;;;;;;;;;;;;;;;;
2022-08-01T15:49:16.000-03:00;;1261;;;;;;;;;;;;;;;;;;;;;
2022-08-01T15:49:11.000-03:00;;1328;;;;;;;;;;;;;;;;;;;;;
2022-08-01T15:49:06.000-03:00;;1318;;;;;;;;;;;;;;;;;;;;;
2022-08-01T15:49:01.000-03:00;;1245;;;;;;;;;;;;;;;;;;;;;
2022-08-01T15:48:56.000-03:00;;1318;;;;;;;;;;;;;;;;;;;;;
2022-08-01T15:48:51.000-03:00;;1328;;;;;;;;;;;;;;;;;;;;;
2022-08-01T15:48:46.000-03:00;;1328;;;;;;;;;;;;;;;;;;;;;
2022-08-01T15:48:41.000-03:00;;1327;;;;;;;;;;;;;;;;;;;;;
2022-08-01T15:48:36.000-03:00;;1296;;;;;;;;;;;;;;;;;;;;;
2022-08-01T15:48:31.000-03:00;;1327;;;;;;;;;;;;;;;;;;;;;
2022-08-01T15:48:26.000-03:00;;1325;;;;;;;;;;;;;;;;;;;;;
2022-08-01T15:48:21.000-03:00;;1261;;;;;;;;;;;;;;;;;;;;;
2022-08-01T15:48:16.000-03:00;;1264;;;;;;;;;;;;;;;;;;;;;
2022-08-01T15:48:11.000-03:00;;1314;;;;;;;;;;;;;;;;;;;;;
2022-08-01T15:48:06.000-03:00;;1267;;;;;;;;;;;;;;;;;;;;;
2022-08-01T15:48:01.000-03:00;;1287;;;;;;;;;;;;;;;;;;;;;
2022-08-01T15:47:56.000-03:00;;1316;;;;;;;;;;;;;;;;;;;;;
2022-08-01T15:47:51.000-03:00;;1328;;;;;;;;;;;;;;;;;;;;;
2022-08-01T15:47:46.000-03:00;;1322;;;;;;;;;;;;;;;;;;;;;
2022-08-01T15:47:41.000-03:00;;1317;;;;;;;;;;;;;;;;;;;;;
2022-08-01T15:47:36.000-03:00;;1310;;;;;;;;;;;;;;;;;;;;;
2022-08-01T15:47:31.000-03:00;;1317;;;;;;;;;;;;;;;;;;;;;
2022-08-01T15:47:26.000-03:00;;1262;;;;;;;;;;;;;;;;;;;;;
2022-08-01T15:47:21.000-03:00;;1314;;;;;;;;;;;;;;;;;;;;;
2022-08-01T15:47:16.000-03:00;;1301;;;;;;;;;;;;;;;;;;;;;
2022-08-01T15:47:11.000-03:00;;1319;;;;;;;;;;;;;;;;;;;;;
2022-08-01T15:47:06.000-03:00;;1327;;;;;;;;;;;;;;;;;;;;;
2022-08-01T15:47:01.000-03:00;;1261;;;;;;;;;;;;;;;;;;;;;
2022-08-01T15:46:56.000-03:00;;1314;;;;;;;;;;;;;;;;;;;;;
2022-08-01T15:46:51.000-03:00;;1277;;;;;;;;;;;;;;;;;;;;;
2022-08-01T15:46:46.000-03:00;;1289;;;;;;;;;;;;;;;;;;;;;
2022-08-01T15:46:41.000-03:00;;1328;;;;;;;;;;;;;;;;;;;;;
2022-08-01T15:46:36.000-03:00;;1328;;;;;;;;;;;;;;;;;;;;;
2022-08-01T15:46:31.000-03:00;;1322;;;;;;;;;;;;;;;;;;;;;
2022-08-01T15:46:26.000-03:00;;1318;;;;;;;;;;;;;;;;;;;;;
2022-08-01T15:46:21.000-03:00;;1328;;;;;;;;;;;;;;;;;;;;;
2022-08-01T15:46:16.000-03:00;;1327;;;;;;;;;;;;;;;;;;;;;
2022-08-01T15:46:11.000-03:00;;1303;;;;;;;;;;;;;;;;;;;;;
2022-08-01T15:46:06.000-03:00;;1264;;;;;;;;;;;;;;;;;;;;;
2022-08-01T15:46:01.000-03:00;;1321;;;;;;;;;;;;;;;;;;;;;
2022-08-01T15:45:56.000-03:00;;1267;;;;;;;;;;;;;;;;;;;;;
2022-08-01T15:45:51.000-03:00;;1319;;;;;;;;;;;;;;;;;;;;;
2022-08-01T15:45:46.000-03:00;;1321;;;;;;;;;;;;;;;;;;;;;
2022-08-01T15:45:41.000-03:00;;1317;;;;;;;;;;;;;;;;;;;;;
2022-08-01T15:45:36.000-03:00;;1262;;;;;;;;;;;;;;;;;;;;;
2022-08-01T15:45:31.000-03:00;;1326;;;;;;;;;;;;;;;;;;;;;
2022-08-01T15:45:26.000-03:00;;1348;;;;;;;;;;;;;;;;;;;;;
2022-08-01T15:45:21.000-03:00;;1316;;;;;;;;;;;;;;;;;;;;;
2022-08-01T15:45:16.000-03:00;;1271;;;;;;;;;;;;;;;;;;;;;
2022-08-01T15:45:11.000-03:00;;1319;;;;;;;;;;;;;;;;;;;;;
2022-08-01T15:45:06.000-03:00;;1327;;;;;;;;;;;;;;;;;;;;;
2022-08-01T15:45:01.000-03:00;;1317;;;;;;;;;;;;;;;;;;;;;
2022-08-01T15:44:56.000-03:00;;1302;;;;;;;;;;;;;;;;;;;;;
2022-08-01T15:44:51.000-03:00;;1271;;;;;;;;;;;;;;;;;;;;;
2022-08-01T15:44:46.000-03:00;;1319;;;;;;;;;;;;;;;;;;;;;
2022-08-01T15:44:41.000-03:00;;1264;;;;;;;;;;;;;;;;;;;;;
2022-08-01T15:44:36.000-03:00;;1280;;;;;;;;;;;;;;;;;;;;;
2022-08-01T15:44:31.000-03:00;;1314;;;;;;;;;;;;;;;;;;;;;
2022-08-01T15:44:26.000-03:00;;1258;;;;;;;;;;;;;;;;;;;;;
2022-08-01T15:44:21.000-03:00;;1318;;;;;;;;;;;;;;;;;;;;;
2022-08-01T15:44:16.000-03:00;;1313;;;;;;;;;;;;;;;;;;;;;
2022-08-01T15:44:11.000-03:00;;1311;;;;;;;;;;;;;;;;;;;;;
2022-08-01T15:44:06.000-03:00;;1326;;;;;;;;;;;;;;;;;;;;;
2022-08-01T15:44:01.000-03:00;;1328;;;;;;;;;;;;;;;;;;;;;
2022-08-01T15:43:56.000-03:00;;1311;;;;;;;;;;;;;;;;;;;;;
2022-08-01T15:43:51.000-03:00;;1280;;;;;;;;;;;;;;;;;;;;;
2022-08-01T15:43:46.000-03:00;;1339;;;;;;;;;;;;;;;;;;;;;
2022-08-01T15:43:41.000-03:00;;1274;;;;;;;;;;;;;;;;;;;;;
2022-08-01T15:43:36.000-03:00;;1271;;;;;;;;;;;;;;;;;;;;;
2022-08-01T15:43:31.000-03:00;;1287;;;;;;;;;;;;;;;;;;;;;
2022-08-01T15:43:26.000-03:00;;1257;;;;;;;;;;;;;;;;;;;;;
2022-08-01T15:43:21.000-03:00;;1310;;;;;;;;;;;;;;;;;;;;;
2022-08-01T15:43:15.000-03:00;;1283;;;;;;;;;;;;;;;;;;;;;
2022-08-01T15:43:10.000-03:00;;1315;;;;;;;;;;;;;;;;;;;;;
2022-08-01T15:43:06.000-03:00;;1314;;;;;;;;;;;;;;;;;;;;;
2022-08-01T15:43:00.000-03:00;;1285;;;;;;;;;;;;;;;;;;;;;
2022-08-01T15:42:56.000-03:00;;1314;;;;;;;;;;;;;;;;;;;;;
2022-08-01T15:42:50.000-03:00;;1318;;;;;;;;;;;;;;;;;;;;;
2022-08-01T15:42:45.000-03:00;;1327;;;;;;;;;;;;;;;;;;;;;
2022-08-01T15:42:40.000-03:00;;1271;;;;;;;;;;;;;;;;;;;;;
2022-08-01T15:42:36.000-03:00;;1321;;;;;;;;;;;;;;;;;;;;;
2022-08-01T15:42:31.000-03:00;;1262;;;;;;;;;;;;;;;;;;;;;
2022-08-01T15:42:26.000-03:00;;1270;;;;;;;;;;;;;;;;;;;;;
2022-08-01T15:42:21.000-03:00;;1260;;;;;;;;;;;;;;;;;;;;;
2022-08-01T15:42:15.000-03:00;;1336;;;;;;;;;;;;;;;;;;;;;
2022-08-01T15:42:10.000-03:00;;1326;;;;;;;;;;;;;;;;;;;;;
2022-08-01T15:42:06.000-03:00;;1326;;;;;;;;;;;;;;;;;;;;;
2022-08-01T15:42:01.000-03:00;;1276;;;;;;;;;;;;;;;;;;;;;
2022-08-01T15:41:56.000-03:00;;1324;;;;;;;;;;;;;;;;;;;;;
2022-08-01T15:41:51.000-03:00;;1316;;;;;;;;;;;;;;;;;;;;;
2022-08-01T15:41:45.000-03:00;;1330;;;;;;;;;;;;;;;;;;;;;
2022-08-01T15:41:40.000-03:00;;1320;;;;;;;;;;;;;;;;;;;;;
2022-08-01T15:41:35.000-03:00;;1327;;;;;;;;;;;;;;;;;;;;;
2022-08-01T15:41:30.000-03:00;;1263;;;;;;;;;;;;;;;;;;;;;
2022-08-01T15:41:25.000-03:00;;;;;;;;;;;;;;;;;;;;;;;
2022-08-01T15:41:21.000-03:00;;1280;;;;;;;;;;;;;;;;;;;;;
2022-08-01T15:41:16.000-03:00;;1270;;;;;;;;;;;;;;;;;;;;;
2022-08-01T15:41:10.000-03:00;;1328;;;;;;;;;;;;;;;;;;;;;
2022-08-01T15:41:05.000-03:00;;1346;;;;;;;;;;;;;;;;;;;;;
2022-08-01T15:41:00.000-03:00;;1326;;;;;;;;;;;;;;;;;;;;;
2022-08-01T15:40:56.000-03:00;;1339;;;;;;;;;;;;;;;;;;;;;
2022-08-01T15:40:51.000-03:00;;1325;;;;;;;;;;;;;;;;;;;;;
2022-08-01T15:40:45.000-03:00;;1279;;;;;;;;;;;;;;;;;;;;;
2022-08-01T15:40:41.000-03:00;;1317;;;;;;;;;;;;;;;;;;;;;
2022-08-01T15:40:36.000-03:00;;1263;;;;;;;;;;;;;;;;;;;;;
2022-08-01T15:40:30.000-03:00;;1328;;;;;;;;;;;;;;;;;;;;;
2022-08-01T15:40:25.000-03:00;;1322;;;;;;;;;;;;;;;;;;;;;
2022-08-01T15:40:20.000-03:00;;1325;;;;;;;;;;;;;;;;;;;;;
2022-08-01T15:40:16.000-03:00;;1327;;;;;;;;;;;;;;;;;;;;;
2022-08-01T15:40:10.000-03:00;;1327;;;;;;;;;;;;;;;;;;;;;
2022-08-01T15:40:05.000-03:00;;1323;;;;;;;;;;;;;;;;;;;;;
2022-08-01T15:40:00.000-03:00;;1314;;;;;;;;;;;;;;;;;;;;;
2022-08-01T15:39:55.000-03:00;;1299;;;;;;;;;;;;;;;;;;;;;
2022-08-01T15:39:50.000-03:00;;1318;;;;;;;;;;;;;;;;;;;;;
2022-08-01T15:39:46.000-03:00;;1317;;;;;;;;;;;;;;;;;;;;;
2022-08-01T15:39:41.000-03:00;;1257;;;;;;;;;;;;;;;;;;;;;
2022-08-01T15:39:35.000-03:00;;1319;;;;;;;;;;;;;;;;;;;;;
2022-08-01T15:39:30.000-03:00;;1312;;;;;;;;;;;;;;;;;;;;;
2022-08-01T15:39:25.000-03:00;;1316;;;;;;;;;;;;;;;;;;;;;
2022-08-01T15:39:20.000-03:00;;1321;;;;;;;;;;;;;;;;;;;;;
2022-08-01T15:39:15.000-03:00;;1322;;;;;;;;;;;;;;;;;;;;;
2022-08-01T15:39:11.000-03:00;;1316;;;;;;;;;;;;;;;;;;;;;
2022-08-01T15:39:06.000-03:00;;1283;;;;;;;;;;;;;;;;;;;;;
2022-08-01T15:39:00.000-03:00;;1263;;;;;;;;;;;;;;;;;;;;;
2022-08-01T15:38:55.000-03:00;;1321;;;;;;;;;;;;;;;;;;;;;
2022-08-01T15:38:50.000-03:00;;1262;;;;;;;;;;;;;;;;;;;;;
2022-08-01T15:38:45.000-03:00;;1259;;;;;;;;;;;;;;;;;;;;;
2022-08-01T15:38:40.000-03:00;;1327;;;;;;;;;;;;;;;;;;;;;
2022-08-01T15:38:36.000-03:00;;1339;;;;;;;;;;;;;;;;;;;;;
2022-08-01T15:38:31.000-03:00;;1328;;;;;;;;;;;;;;;;;;;;;
2022-08-01T15:38:25.000-03:00;;1319;;;;;;;;;;;;;;;;;;;;;
2022-08-01T15:38:20.000-03:00;;1328;;;;;;;;;;;;;;;;;;;;;
2022-08-01T15:38:15.000-03:00;;1313;;;;;;;;;;;;;;;;;;;;;
2022-08-01T15:38:10.000-03:00;;1322;;;;;;;;;;;;;;;;;;;;;
2022-08-01T15:38:05.000-03:00;;1324;;;;;;;;;;;;;;;;;;;;;
2022-08-01T15:38:00.000-03:00;;1322;;;;;;;;;;;;;;;;;;;;;
2022-08-01T15:37:55.000-03:00;;1328;;;;;;;;;;;;;;;;;;;;;
2022-08-01T15:37:50.000-03:00;;1325;;;;;;;;;;;;;;;;;;;;;
2022-08-01T15:37:45.000-03:00;;1328;;;;;;;;;;;;;;;;;;;;;
2022-08-01T15:37:40.000-03:00;;1328;;;;;;;;;;;;;;;;;;;;;
2022-08-01T15:37:36.000-03:00;;1327;;;;;;;;;;;;;;;;;;;;;
2022-08-01T15:37:31.000-03:00;;1309;;;;;;;;;;;;;;;;;;;;;
2022-08-01T15:37:25.000-03:00;;1294;;;;;;;;;;;;;;;;;;;;;
2022-08-01T15:37:20.000-03:00;;1335;;;;;;;;;;;;;;;;;;;;;
2022-08-01T15:37:15.000-03:00;;1287;;;;;;;;;;;;;;;;;;;;;
2022-08-01T15:37:10.000-03:00;;1268;;;;;;;;;;;;;;;;;;;;;
2022-08-01T15:37:05.000-03:00;;1303;;;;;;;;;;;;;;;;;;;;;
2022-08-01T15:37:00.000-03:00;;1319;;;;;;;;;;;;;;;;;;;;;
2022-08-01T15:36:56.000-03:00;;1320;;;;;;;;;;;;;;;;;;;;;
2022-08-01T15:36:50.000-03:00;;1264;;;;;;;;;;;;;;;;;;;;;
2022-08-01T15:36:45.000-03:00;;1311;;;;;;;;;;;;;;;;;;;;;
2022-08-01T15:36:40.000-03:00;;1315;;;;;;;;;;;;;;;;;;;;;
2022-08-01T15:36:35.000-03:00;;1315;;;;;;;;;;;;;;;;;;;;;
2022-08-01T15:36:30.000-03:00;;1321;;;;;;;;;;;;;;;;;;;;;
2022-08-01T15:36:25.000-03:00;;1326;;;;;;;;;;;;;;;;;;;;;
2022-08-01T15:36:21.000-03:00;;1334;;;;;;;;;;;;;;;;;;;;;
2022-08-01T15:36:15.000-03:00;;1327;;;;;;;;;;;;;;;;;;;;;
2022-08-01T15:36:10.000-03:00;;1328;;;;;;;;;;;;;;;;;;;;;
2022-08-01T15:36:05.000-03:00;;1328;;;;;;;;;;;;;;;;;;;;;
2022-08-01T15:36:00.000-03:00;;1328;;;;;;;;;;;;;;;;;;;;;
2022-08-01T15:35:55.000-03:00;;1294;;;;;;;;;;;;;;;;;;;;;
2022-08-01T15:35:50.000-03:00;;1318;;;;;;;;;;;;;;;;;;;;;
2022-08-01T15:35:46.000-03:00;;1323;;;;;;;;;;;;;;;;;;;;;
2022-08-01T15:35:40.000-03:00;;1313;;;;;;;;;;;;;;;;;;;;;
2022-08-01T15:35:35.000-03:00;;1267;;;;;;;;;;;;;;;;;;;;;
2022-08-01T15:35:30.000-03:00;;1324;;;;;;;;;;;;;;;;;;;;;
2022-08-01T15:35:26.000-03:00;;1323;;;;;;;;;;;;;;;;;;;;;
2022-08-01T15:35:20.000-03:00;;1289;;;;;;;;;;;;;;;;;;;;;
2022-08-01T15:35:15.000-03:00;;1317;;;;;;;;;;;;;;;;;;;;;
2022-08-01T15:35:10.000-03:00;;1325;;;;;;;;;;;;;;;;;;;;;
2022-08-01T15:35:05.000-03:00;;1328;;;;;;;;;;;;;;;;;;;;;
2022-08-01T15:35:00.000-03:00;;1277;;;;;;;;;;;;;;;;;;;;;
2022-08-01T15:34:55.000-03:00;;1327;;;;;;;;;;;;;;;;;;;;;
2022-08-01T15:34:51.000-03:00;;1296;;;;;;;;;;;;;;;;;;;;;
2022-08-01T15:34:45.000-03:00;;1322;;;;;;;;;;;;;;;;;;;;;
2022-08-01T15:34:40.000-03:00;;1303;;;;;;;;;;;;;;;;;;;;;
2022-08-01T15:34:35.000-03:00;;1315;;;;;;;;;;;;;;;;;;;;;
2022-08-01T15:34:30.000-03:00;;1315;;;;;;;;;;;;;;;;;;;;;
2022-08-01T15:34:25.000-03:00;;1321;;;;;;;;;;;;;;;;;;;;;
2022-08-01T15:34:20.000-03:00;;1269;;;;;;;;;;;;;;;;;;;;;
2022-08-01T15:34:16.000-03:00;;1285;;;;;;;;;;;;;;;;;;;;;
2022-08-01T15:34:10.000-03:00;;1305;;;;;;;;;;;;;;;;;;;;;
2022-08-01T15:34:05.000-03:00;;1327;;;;;;;;;;;;;;;;;;;;;
2022-08-01T15:34:00.000-03:00;;1326;;;;;;;;;;;;;;;;;;;;;
2022-08-01T15:33:55.000-03:00;;1315;;;;;;;;;;;;;;;;;;;;;
2022-08-01T15:33:50.000-03:00;;1323;;;;;;;;;;;;;;;;;;;;;
2022-08-01T15:33:45.000-03:00;;1264;;;;;;;;;;;;;;;;;;;;;
2022-08-01T15:33:40.000-03:00;;1311;;;;;;;;;;;;;;;;;;;;;
2022-08-01T15:33:35.000-03:00;;1313;;;;;;;;;;;;;;;;;;;;;
2022-08-01T15:33:30.000-03:00;;1318;;;;;;;;;;;;;;;;;;;;;
2022-08-01T15:33:25.000-03:00;;1327;;;;;;;;;;;;;;;;;;;;;
2022-08-01T15:33:20.000-03:00;;1264;;;;;;;;;;;;;;;;;;;;;
2022-08-01T15:33:15.000-03:00;;1280;;;;;;;;;;;;;;;;;;;;;
2022-08-01T15:33:10.000-03:00;;1316;;;;;;;;;;;;;;;;;;;;;
2022-08-01T15:33:05.000-03:00;;1313;;;;;;;;;;;;;;;;;;;;;
2022-08-01T15:33:00.000-03:00;;1318;;;;;;;;;;;;;;;;;;;;;
2022-08-01T15:32:55.000-03:00;;1255;;;;;;;;;;;;;;;;;;;;;
2022-08-01T15:32:50.000-03:00;;1315;;;;;;;;;;;;;;;;;;;;;
2022-08-01T15:32:45.000-03:00;;1310;;;;;;;;;;;;;;;;;;;;;
2022-08-01T15:32:40.000-03:00;;1326;;;;;;;;;;;;;;;;;;;;;
2022-08-01T15:32:35.000-03:00;;1323;;;;;;;;;;;;;;;;;;;;;
2022-08-01T15:32:30.000-03:00;;1326;;;;;;;;;;;;;;;;;;;;;
2022-08-01T15:32:25.000-03:00;;1328;;;;;;;;;;;;;;;;;;;;;
2022-08-01T15:32:20.000-03:00;;1306;;;;;;;;;;;;;;;;;;;;;
2022-08-01T15:32:15.000-03:00;;1283;;;;;;;;;;;;;;;;;;;;;
2022-08-01T15:32:10.000-03:00;;1312;;;;;;;;;;;;;;;;;;;;;
2022-08-01T15:32:05.000-03:00;;1294;;;;;;;;;;;;;;;;;;;;;
2022-08-01T15:32:00.000-03:00;;1267;;;;;;;;;;;;;;;;;;;;;
2022-08-01T15:31:55.000-03:00;;1263;;;;;;;;;;;;;;;;;;;;;
2022-08-01T15:31:50.000-03:00;;1321;;;;;;;;;;;;;;;;;;;;;
2022-08-01T15:31:45.000-03:00;;1317;;;;;;;;;;;;;;;;;;;;;
2022-08-01T15:31:40.000-03:00;;1314;;;;;;;;;;;;;;;;;;;;;
2022-08-01T15:31:35.000-03:00;;1315;;;;;;;;;;;;;;;;;;;;;
2022-08-01T15:31:30.000-03:00;;1328;;;;;;;;;;;;;;;;;;;;;
2022-08-01T15:31:25.000-03:00;;1317;;;;;;;;;;;;;;;;;;;;;
2022-08-01T15:31:20.000-03:00;;1261;;;;;;;;;;;;;;;;;;;;;
2022-08-01T15:31:15.000-03:00;;1311;;;;;;;;;;;;;;;;;;;;;
2022-08-01T15:31:10.000-03:00;;1310;;;;;;;;;;;;;;;;;;;;;
2022-08-01T15:31:05.000-03:00;;1289;;;;;;;;;;;;;;;;;;;;;
2022-08-01T15:31:00.000-03:00;;1319;;;;;;;;;;;;;;;;;;;;;
2022-08-01T15:30:55.000-03:00;;1323;;;;;;;;;;;;;;;;;;;;;
2022-08-01T15:30:50.000-03:00;;1255;;;;;;;;;;;;;;;;;;;;;
2022-08-01T15:30:45.000-03:00;;1310;;;;;;;;;;;;;;;;;;;;;
2022-08-01T15:30:40.000-03:00;;1314;;;;;;;;;;;;;;;;;;;;;
2022-08-01T15:30:35.000-03:00;;1325;;;;;;;;;;;;;;;;;;;;;
2022-08-01T15:30:30.000-03:00;;1314;;;;;;;;;;;;;;;;;;;;;
2022-08-01T15:30:25.000-03:00;;1328;;;;;;;;;;;;;;;;;;;;;
2022-08-01T15:30:20.000-03:00;;1296;;;;;;;;;;;;;;;;;;;;;
2022-08-01T15:30:15.000-03:00;;1310;;;;;;;;;;;;;;;;;;;;;
2022-08-01T15:30:10.000-03:00;;1323;;;;;;;;;;;;;;;;;;;;;
2022-08-01T15:30:05.000-03:00;;1319;;;;;;;;;;;;;;;;;;;;;
2022-08-01T15:30:00.000-03:00;;1313;;;;;;;;;;;;;;;;;;;;;
2022-08-01T15:29:55.000-03:00;;1351;;;;;;;;;;;;;;;;;;;;;
2022-08-01T15:29:50.000-03:00;;1291;;;;;;;;;;;;;;;;;;;;;
2022-08-01T15:29:45.000-03:00;;1319;;;;;;;;;;;;;;;;;;;;;
2022-08-01T15:29:40.000-03:00;;1217;;;;;;;;;;;;;;;;;;;;;
2022-08-01T15:29:35.000-03:00;;1279;;;;;;;;;;;;;;;;;;;;;
2022-08-01T15:29:30.000-03:00;;1264;;;;;;;;;;;;;;;;;;;;;
2022-08-01T15:29:25.000-03:00;;1259;;;;;;;;;;;;;;;;;;;;;
2022-08-01T15:29:20.000-03:00;;1267;;;;;;;;;;;;;;;;;;;;;
2022-08-01T15:29:15.000-03:00;;1319;;;;;;;;;;;;;;;;;;;;;
2022-08-01T15:29:10.000-03:00;;1261;;;;;;;;;;;;;;;;;;;;;
2022-08-01T15:29:05.000-03:00;;1321;;;;;;;;;;;;;;;;;;;;;
2022-08-01T15:29:00.000-03:00;;1290;;;;;;;;;;;;;;;;;;;;;
2022-08-01T15:28:55.000-03:00;;1323;;;;;;;;;;;;;;;;;;;;;
2022-08-01T15:28:50.000-03:00;;1258;;;;;;;;;;;;;;;;;;;;;
2022-08-01T15:28:45.000-03:00;;1264;;;;;;;;;;;;;;;;;;;;;
2022-08-01T15:28:40.000-03:00;;1335;;;;;;;;;;;;;;;;;;;;;
2022-08-01T15:28:35.000-03:00;;1325;;;;;;;;;;;;;;;;;;;;;
2022-08-01T15:28:30.000-03:00;;1405;;;;;;;;;;;;;;;;;;;;;
2022-08-01T15:28:25.000-03:00;;1314;;;;;;;;;;;;;;;;;;;;;
2022-08-01T15:28:20.000-03:00;;1322;;;;;;;;;;;;;;;;;;;;;
2022-08-01T15:28:15.000-03:00;;1314;;;;;;;;;;;;;;;;;;;;;
2022-08-01T15:28:10.000-03:00;;1317;;;;;;;;;;;;;;;;;;;;;
2022-08-01T15:28:05.000-03:00;;1309;;;;;;;;;;;;;;;;;;;;;
2022-08-01T15:28:00.000-03:00;;1315;;;;;;;;;;;;;;;;;;;;;
2022-08-01T15:27:55.000-03:00;;1274;;;;;;;;;;;;;;;;;;;;;
2022-08-01T15:27:50.000-03:00;;1317;;;;;;;;;;;;;;;;;;;;;
2022-08-01T15:27:45.000-03:00;;1322;;;;;;;;;;;;;;;;;;;;;
2022-08-01T15:27:40.000-03:00;;1327;;;;;;;;;;;;;;;;;;;;;
2022-08-01T15:27:35.000-03:00;;1325;;;;;;;;;;;;;;;;;;;;;
2022-08-01T15:27:30.000-03:00;;1322;;;;;;;;;;;;;;;;;;;;;
2022-08-01T15:27:25.000-03:00;;1315;;;;;;;;;;;;;;;;;;;;;
2022-08-01T15:27:20.000-03:00;;1324;;;;;;;;;;;;;;;;;;;;;
2022-08-01T15:27:15.000-03:00;;1322;;;;;;;;;;;;;;;;;;;;;
2022-08-01T15:27:10.000-03:00;;1316;;;;;;;;;;;;;;;;;;;;;
2022-08-01T15:27:05.000-03:00;;1316;;;;;;;;;;;;;;;;;;;;;
2022-08-01T15:27:00.000-03:00;;1314;;;;;;;;;;;;;;;;;;;;;
2022-08-01T15:26:55.000-03:00;;1313;;;;;;;;;;;;;;;;;;;;;
2022-08-01T15:26:50.000-03:00;;1310;;;;;;;;;;;;;;;;;;;;;
2022-08-01T15:26:45.000-03:00;;1317;;;;;;;;;;;;;;;;;;;;;
2022-08-01T15:26:40.000-03:00;;1315;;;;;;;;;;;;;;;;;;;;;
2022-08-01T15:26:35.000-03:00;;1312;;;;;;;;;;;;;;;;;;;;;
2022-08-01T15:26:30.000-03:00;;1307;;;;;;;;;;;;;;;;;;;;;
2022-08-01T15:26:25.000-03:00;;1318;;;;;;;;;;;;;;;;;;;;;
2022-08-01T15:26:20.000-03:00;;1311;;;;;;;;;;;;;;;;;;;;;
2022-08-01T15:26:15.000-03:00;;1329;;;;;;;;;;;;;;;;;;;;;
2022-08-01T15:26:10.000-03:00;;1279;;;;;;;;;;;;;;;;;;;;;
2022-08-01T15:26:05.000-03:00;;1255;;;;;;;;;;;;;;;;;;;;;
2022-08-01T15:26:00.000-03:00;;1313;;;;;;;;;;;;;;;;;;;;;
2022-08-01T15:25:55.000-03:00;;1317;;;;;;;;;;;;;;;;;;;;;
2022-08-01T15:25:50.000-03:00;;1269;;;;;;;;;;;;;;;;;;;;;
2022-08-01T15:25:45.000-03:00;;1310;;;;;;;;;;;;;;;;;;;;;
2022-08-01T15:25:40.000-03:00;;1333;;;;;;;;;;;;;;;;;;;;;
2022-08-01T15:25:35.000-03:00;;1280;;;;;;;;;;;;;;;;;;;;;
2022-08-01T15:25:30.000-03:00;;1266;;;;;;;;;;;;;;;;;;;;;
2022-08-01T15:25:25.000-03:00;;1257;;;;;;;;;;;;;;;;;;;;;
2022-08-01T15:25:20.000-03:00;;1312;;;;;;;;;;;;;;;;;;;;;
2022-08-01T15:25:15.000-03:00;;1326;;;;;;;;;;;;;;;;;;;;;
2022-08-01T15:25:10.000-03:00;;1254;;;;;;;;;;;;;;;;;;;;;
2022-08-01T15:25:05.000-03:00;;1319;;;;;;;;;;;;;;;;;;;;;
2022-08-01T15:25:00.000-03:00;;1264;;;;;;;;;;;;;;;;;;;;;
2022-08-01T15:24:55.000-03:00;;1281;;;;;;;;;;;;;;;;;;;;;
2022-08-01T15:24:50.000-03:00;;1319;;;;;;;;;;;;;;;;;;;;;
2022-08-01T15:24:45.000-03:00;;1277;;;;;;;;;;;;;;;;;;;;;
2022-08-01T15:24:40.000-03:00;;1317;;;;;;;;;;;;;;;;;;;;;
2022-08-01T15:24:35.000-03:00;;1255;;;;;;;;;;;;;;;;;;;;;
2022-08-01T15:24:30.000-03:00;;1253;;;;;;;;;;;;;;;;;;;;;
2022-08-01T15:24:25.000-03:00;;1313;;;;;;;;;;;;;;;;;;;;;
2022-08-01T15:24:20.000-03:00;;1325;;;;;;;;;;;;;;;;;;;;;
2022-08-01T15:24:15.000-03:00;;1326;;;;;;;;;;;;;;;;;;;;;
2022-08-01T15:24:10.000-03:00;;1312;;;;;;;;;;;;;;;;;;;;;
2022-08-01T15:24:05.000-03:00;;1323;;;;;;;;;;;;;;;;;;;;;
2022-08-01T15:24:00.000-03:00;;1323;;;;;;;;;;;;;;;;;;;;;
2022-08-01T15:23:55.000-03:00;;1316;;;;;;;;;;;;;;;;;;;;;
2022-08-01T15:23:50.000-03:00;;1321;;;;;;;;;;;;;;;;;;;;;
2022-08-01T15:23:45.000-03:00;;1315;;;;;;;;;;;;;;;;;;;;;
2022-08-01T15:23:40.000-03:00;;1323;;;;;;;7;6;5;4;3;2;1;0;;;;;;;
2022-08-01T15:23:35.000-03:00;;1302;;;;;;10;;;;;1;0;1;0;;;;;;;
2022-08-01T15:23:30.000-03:00;;1318;;;;;;;;;;;;;;;;;;;;;
2022-08-01T15:23:25.000-03:00;;1298;;;;;;;;;;;;;;;sensor nivel baixo sal;;;enable geral;;;
2022-08-01T15:23:20.000-03:00;;1283;;;;;;;;;;;128;64;32;16;8;4;2;1;;;
2022-08-01T16:45:05.000-03:00;;1304;;;;;;;;;;;7;6;5;4;3;2;1;0;;;
2022-08-01T15:41:26.000-03:00;;1315;;;;;;;;;;;10000000;1000000;100000;10000;1000;100;10;1;;;
2022-08-01T16:56:20.000-03:00;;;2;62e82fe47508c615991cfc9d;62dfe29bf64d3100118bcb08;"{""mqtt_topic"":""ps_pin""}";10;62e82fe47508c615991cfc9b;62dfe29bf64d3100118bcb08;"{""mqtt_topic"":""inputs""}";;1010;0;0;0;0;8;0;2;0;;;
2022-08-01T16:56:15.000-03:00;;;2;62e82fdf7508c615991cfc83;62dfe29bf64d3100118bcb08;"{""mqtt_topic"":""ps_pin""}";8;62e82fdf7508c615991cfc71;62dfe29bf64d3100118bcb08;"{""mqtt_topic"":""inputs""}";;1000;0;0;0;0;8;0;0;0;;;
2022-08-01T16:56:10.000-03:00;;;2;62e82fda7508c615991cfc54;62dfe29bf64d3100118bcb08;"{""mqtt_topic"":""ps_pin""}";10;62e82fda7508c615991cfc52;62dfe29bf64d3100118bcb08;"{""mqtt_topic"":""inputs""}";;1010;0;0;0;0;8;0;2;0;;;
2022-08-01T16:53:15.000-03:00;;;2;62e82f2b7508c615991cf746;62dfe29bf64d3100118bcb08;"{""mqtt_topic"":""ps_pin""}";8;62e82f2b7508c615991cf744;62dfe29bf64d3100118bcb08;"{""mqtt_topic"":""inputs""}";;1000;0;0;0;0;8;0;0;0;;;
2022-08-01T16:52:40.000-03:00;;;2;62e82f087508c615991cf629;62dfe29bf64d3100118bcb08;"{""mqtt_topic"":""ps_pin""}";40;62e82f087508c615991cf627;62dfe29bf64d3100118bcb08;"{""mqtt_topic"":""inputs""}";;101000;0;0;32;0;8;0;0;0;;;
2022-08-01T16:52:25.000-03:00;;;2;62e82ef97508c615991cf5ca;62dfe29bf64d3100118bcb08;"{""mqtt_topic"":""ps_pin""}";8;62e82ef97508c615991cf5c8;62dfe29bf64d3100118bcb08;"{""mqtt_topic"":""inputs""}";;1000;0;0;0;0;8;0;0;0;;;
2022-08-01T16:52:15.000-03:00;;;2;62e82eef7508c615991cf591;62dfe29bf64d3100118bcb08;"{""mqtt_topic"":""ps_pin""}";10;62e82eef7508c615991cf58b;62dfe29bf64d3100118bcb08;"{""mqtt_topic"":""inputs""}";;1010;0;0;0;0;8;0;2;0;;;
2022-08-01T16:52:00.000-03:00;;;2;62e82ee07508c615991cf540;62dfe29bf64d3100118bcb08;"{""mqtt_topic"":""ps_pin""}";8;62e82ee07508c615991cf53e;62dfe29bf64d3100118bcb08;"{""mqtt_topic"":""inputs""}";;1000;0;0;0;0;8;0;0;0;;;
2022-08-01T16:51:39.000-03:00;;;;;;;10;62e82ecb7508c615991cf4c2;62dfe29bf64d3100118bcb08;"{""mqtt_topic"":""inputs""}";;1010;0;0;0;0;8;0;2;0;;;
2022-08-01T16:50:59.000-03:00;;;;;;;8;62e82ea37508c615991cf3dd;62dfe29bf64d3100118bcb08;"{""mqtt_topic"":""inputs""}";;1000;0;0;0;0;8;0;0;0;;;
2022-08-01T16:50:49.000-03:00;;;;;;;10;62e82e997508c615991cf36c;62dfe29bf64d3100118bcb08;"{""mqtt_topic"":""inputs""}";;1010;0;0;0;0;8;0;2;0;;;
2022-08-01T16:50:24.000-03:00;;;;;;;8;62e82e807508c615991cf2eb;62dfe29bf64d3100118bcb08;"{""mqtt_topic"":""inputs""}";;1000;0;0;0;0;8;0;0;0;;;
2022-08-01T16:50:19.000-03:00;;;;;;;11;62e82e7b7508c615991cf2b8;62dfe29bf64d3100118bcb08;"{""mqtt_topic"":""inputs""}";;1011;0;0;0;0;8;0;2;1;;;
2022-08-01T16:47:59.000-03:00;;;;;;;9;62e82def7508c615991cef49;62dfe29bf64d3100118bcb08;"{""mqtt_topic"":""inputs""}";;1001;0;0;0;0;8;0;0;1;;;
2022-08-01T16:47:34.000-03:00;;;;;;;8;62e82dd67508c615991ceec7;62dfe29bf64d3100118bcb08;"{""mqtt_topic"":""inputs""}";;1000;0;0;0;0;8;0;0;0;;;
2022-08-01T16:46:44.000-03:00;;;2;62e82da47508c615991cedaf;62dfe29bf64d3100118bcb08;"{""mqtt_topic"":""ps_pin""}";9;62e82da47508c615991cedad;62dfe29bf64d3100118bcb08;"{""mqtt_topic"":""inputs""}";;1001;0;0;0;0;8;0;0;1;;;
2022-08-01T16:46:29.000-03:00;;;;;;;11;62e82d957508c615991ced42;62dfe29bf64d3100118bcb08;"{""mqtt_topic"":""inputs""}";;1011;0;0;0;0;8;0;2;1;;;
2022-08-01T16:46:24.000-03:00;;;;;;;9;62e82d907508c615991ced2f;62dfe29bf64d3100118bcb08;"{""mqtt_topic"":""inputs""}";;1001;0;0;0;0;8;0;0;1;;;
2022-08-01T15:12:55.000-03:00;;;2;62e817a77508c615991c3d31;62dfe29bf64d3100118bcb08;"{""mqtt_topic"":""ps_pin""}";11;62e817a77508c615991c3d2f;62dfe29bf64d3100118bcb08;"{""mqtt_topic"":""inputs""}";;1011;0;0;0;0;8;0;2;1;;;
2022-08-01T15:12:50.000-03:00;;;2;62e817a27508c615991c3cf5;62dfe29bf64d3100118bcb08;"{""mqtt_topic"":""ps_pin""}";75;62e817a27508c615991c3cf1;62dfe29bf64d3100118bcb08;"{""mqtt_topic"":""inputs""}";;1001011;0;64;0;0;8;0;2;1;;;
2022-08-01T12:10:47.000-03:00;;;2;62e7ecf77508c615991b0d75;62dfe29bf64d3100118bcb08;"{""mqtt_topic"":""ps_pin""}";11;62e7ecf77508c615991b0d73;62dfe29bf64d3100118bcb08;"{""mqtt_topic"":""inputs""}";;1011;0;0;0;0;8;0;2;1;;;
2022-08-01T12:10:42.000-03:00;;;2;62e7ecf27508c615991b0d69;62dfe29bf64d3100118bcb08;"{""mqtt_topic"":""ps_pin""}";75;62e7ecf27508c615991b0d67;62dfe29bf64d3100118bcb08;"{""mqtt_topic"":""inputs""}";;1001011;0;64;0;0;8;0;2;1;;;
2022-08-01T12:10:37.000-03:00;;;2;62e7eced7508c615991b0d47;62dfe29bf64d3100118bcb08;"{""mqtt_topic"":""ps_pin""}";11;62e7eced7508c615991b0d45;62dfe29bf64d3100118bcb08;"{""mqtt_topic"":""inputs""}";;1011;0;0;0;0;8;0;2;1;;;
2022-08-01T10:21:04.000-03:00;;;2;62e7d3407508c615991a822a;62dfe29bf64d3100118bcb08;"{""mqtt_topic"":""ps_pin""}";10;62e7d3407508c615991a8228;62dfe29bf64d3100118bcb08;"{""mqtt_topic"":""inputs""}";;1010;0;0;0;0;8;0;2;0;;;
2022-08-01T08:41:52.000-03:00;;;2;62e7bc0041226431f2d8877b;62dfe29bf64d3100118bcb08;"{""mqtt_topic"":""ps_pin""}";10;62e7bc0041226431f2d88779;62dfe29bf64d3100118bcb08;"{""mqtt_topic"":""inputs""}";;1010;0;0;0;0;8;0;2;0;;;
2022-08-01T08:37:02.000-03:00;;;2;62e7bade41226431f2d87bca;62dfe29bf64d3100118bcb08;"{""mqtt_topic"":""ps_pin""}";11;62e7bade41226431f2d87bbc;62dfe29bf64d3100118bcb08;"{""mqtt_topic"":""inputs""}";;1011;0;0;0;0;8;0;2;1;;;
2022-08-01T08:36:50.000-03:00;;;2;62e7bad241226431f2d87b4c;62dfe29bf64d3100118bcb08;"{""mqtt_topic"":""ps_pin""}";10;62e7bad241226431f2d87b3c;62dfe29bf64d3100118bcb08;"{""mqtt_topic"":""inputs""}";;1010;0;0;0;0;8;0;2;0;;;
2022-07-29T13:53:04.000-03:00;;;2;62e410707508c615990766d5;62dfe29bf64d3100118bcb08;"{""mqtt_topic"":""ps_pin""}";10;62e410707508c615990766d3;62dfe29bf64d3100118bcb08;"{""mqtt_topic"":""inputs""}";;1010;0;0;0;0;8;0;2;0;;;
2022-07-29T13:52:59.000-03:00;;;2;62e4106b7508c615990766bb;62dfe29bf64d3100118bcb08;"{""mqtt_topic"":""ps_pin""}";27;62e4106b7508c615990766b9;62dfe29bf64d3100118bcb08;"{""mqtt_topic"":""inputs""}";;11011;0;0;0;16;8;0;2;1;;;
2022-07-29T13:52:54.000-03:00;;;2;62e410667508c615990766ad;62dfe29bf64d3100118bcb08;"{""mqtt_topic"":""ps_pin""}";11;62e410667508c615990766a9;62dfe29bf64d3100118bcb08;"{""mqtt_topic"":""inputs""}";;1011;0;0;0;0;8;0;2;1;;;
2022-07-29T11:22:12.000-03:00;;;;;;;10;62e3ed147508c61599070121;62dfe29bf64d3100118bcb08;"{""mqtt_topic"":""inputs""}";;1010;0;0;0;0;8;0;2;0;;;
2022-07-29T11:20:37.000-03:00;;;;;;;11;62e3ecb57508c6159906fed4;62dfe29bf64d3100118bcb08;"{""mqtt_topic"":""inputs""}";;1011;0;0;0;0;8;0;2;1;;;
2022-07-29T10:29:22.000-03:00;;;2;62e3e0b27508c6159906d111;62dfe29bf64d3100118bcb08;"{""mqtt_topic"":""ps_pin""}";10;62e3e0b27508c6159906d10f;62dfe29bf64d3100118bcb08;"{""mqtt_topic"":""inputs""}";;1010;0;0;0;0;8;0;2;0;;;
2022-07-29T10:28:52.000-03:00;;;2;62e3e0947508c6159906d08d;62dfe29bf64d3100118bcb08;"{""mqtt_topic"":""ps_pin""}";11;62e3e0947508c6159906d08b;62dfe29bf64d3100118bcb08;"{""mqtt_topic"":""inputs""}";;1011;0;0;0;0;8;0;2;1;;;
2022-07-29T09:06:46.000-03:00;;;2;62e3cd567508c61599066708;62dfe29bf64d3100118bcb08;"{""mqtt_topic"":""ps_pin""}";10;62e3cd567508c61599066706;62dfe29bf64d3100118bcb08;"{""mqtt_topic"":""inputs""}";;1010;0;0;0;0;8;0;2;0;;;
2022-07-29T09:06:03.000-03:00;;;2;62e3cd2b7508c615990665f7;62dfe29bf64d3100118bcb08;"{""mqtt_topic"":""ps_pin""}";11;62e3cd2b7508c615990665f5;62dfe29bf64d3100118bcb08;"{""mqtt_topic"":""inputs""}";;1011;0;0;0;0;8;0;2;1;;;
2022-07-28T17:41:16.000-03:00;;;2;62e2f46c5e4da8001b2f8aa2;62dfe29bf64d3100118bcb08;"{""mqtt_topic"":""ps_pin""}";10;62e2f46c5e4da8001b2f8aa0;62dfe29bf64d3100118bcb08;"{""mqtt_topic"":""inputs""}";;1010;0;0;0;0;8;0;2;0;;;
2022-07-28T17:40:56.000-03:00;;;;;;;27;62e2f4585e4da8001b2f899b;62dfe29bf64d3100118bcb08;"{""mqtt_topic"":""inputs""}";;11011;0;0;0;16;8;0;2;1;;;
2022-07-28T17:40:51.000-03:00;;;2;62e2f4535e4da8001b2f896f;62dfe29bf64d3100118bcb08;"{""mqtt_topic"":""ps_pin""}";11;62e2f4535e4da8001b2f896d;62dfe29bf64d3100118bcb08;"{""mqtt_topic"":""inputs""}";;1011;0;0;0;0;8;0;2;1;;;
2022-07-28T17:40:31.000-03:00;;;2;62e2f43f5e4da8001b2f88a9;62dfe29bf64d3100118bcb08;"{""mqtt_topic"":""ps_pin""}";27;62e2f43f5e4da8001b2f88a6;62dfe29bf64d3100118bcb08;"{""mqtt_topic"":""inputs""}";;11011;0;0;0;16;8;0;2;1;;;
2022-07-28T17:14:14.000-03:00;;;2;62e2ee165e4da8001b2f419d;62dfe29bf64d3100118bcb08;"{""mqtt_topic"":""ps_pin""}";11;62e2ee165e4da8001b2f4171;62dfe29bf64d3100118bcb08;"{""mqtt_topic"":""inputs""}";;1011;0;0;0;0;8;0;2;1;;;
2022-07-28T16:32:38.000-03:00;;;2;62e2e4567508c61599018474;62dfe29bf64d3100118bcb08;"{""mqtt_topic"":""ps_pin""}";10;62e2e4567508c61599018472;62dfe29bf64d3100118bcb08;"{""mqtt_topic"":""inputs""}";;1010;0;0;0;0;8;0;2;0;;;
2022-07-28T16:31:08.000-03:00;;;2;62e2e3fc7508c615990182b8;62dfe29bf64d3100118bcb08;"{""mqtt_topic"":""ps_pin""}";11;62e2e3fc7508c615990182b6;62dfe29bf64d3100118bcb08;"{""mqtt_topic"":""inputs""}";;1011;0;0;0;0;8;0;2;1;;;
2022-07-28T16:30:58.000-03:00;;;2;62e2e3f27508c61599018275;62dfe29bf64d3100118bcb08;"{""mqtt_topic"":""ps_pin""}";10;62e2e3f27508c61599018273;62dfe29bf64d3100118bcb08;"{""mqtt_topic"":""inputs""}";;1010;0;0;0;0;8;0;2;0;;;
2022-07-28T16:19:51.000-03:00;;;2;62e2e1577508c615990173b4;62dfe29bf64d3100118bcb08;"{""mqtt_topic"":""ps_pin""}";11;62e2e1577508c615990173ac;62dfe29bf64d3100118bcb08;"{""mqtt_topic"":""inputs""}";;1011;0;0;0;0;8;0;2;1;;;
2022-07-28T16:17:33.000-03:00;;;2;62e2e0cd57ec9d15a11943b8;62dfe29bf64d3100118bcb08;"{""mqtt_topic"":""ps_pin""}";11;62e2e0cd57ec9d15a11943b6;62dfe29bf64d3100118bcb08;"{""mqtt_topic"":""inputs""}";;1011;0;0;0;0;8;0;2;1;;;
2022-07-28T16:17:28.000-03:00;;;2;62e2e0c857ec9d15a119436b;62dfe29bf64d3100118bcb08;"{""mqtt_topic"":""ps_pin""}";10;62e2e0c857ec9d15a119435f;62dfe29bf64d3100118bcb08;"{""mqtt_topic"":""inputs""}";;1010;0;0;0;0;8;0;2;0;;;
2022-07-28T16:17:15.000-03:00;;;2;62e2e0bb57ec9d15a11942d3;62dfe29bf64d3100118bcb08;"{""mqtt_topic"":""ps_pin""}";11;62e2e0bb57ec9d15a11942d1;62dfe29bf64d3100118bcb08;"{""mqtt_topic"":""inputs""}";;1011;0;0;0;0;8;0;2;1;;;
2022-07-28T16:01:55.000-03:00;;;2;62e2dd235e4da8001b2e7dbb;62dfe29bf64d3100118bcb08;"{""mqtt_topic"":""ps_pin""}";11;62e2dd235e4da8001b2e7db9;62dfe29bf64d3100118bcb08;"{""mqtt_topic"":""inputs""}";;1011;0;0;0;0;8;0;2;1;;;
2022-07-28T15:58:05.000-03:00;;;2;62e2dc3d57ec9d15a1192b2a;62dfe29bf64d3100118bcb08;"{""mqtt_topic"":""ps_pin""}";11;62e2dc3d57ec9d15a1192b28;62dfe29bf64d3100118bcb08;"{""mqtt_topic"":""inputs""}";;1011;0;0;0;0;8;0;2;1;;;
2022-07-28T15:56:43.000-03:00;;;;;;;75;62e2dbeb57ec9d15a1192931;62dfe29bf64d3100118bcb08;"{""mqtt_topic"":""inputs""}";;1001011;0;64;0;0;8;0;2;1;;;
2022-07-28T12:10:31.000-03:00;;;2;62e2a6e7d973dc001256f69d;62dfe29bf64d3100118bcb08;"{""mqtt_topic"":""ps_pin""}";11;62e2a6e7d973dc001256f69b;62dfe29bf64d3100118bcb08;"{""mqtt_topic"":""inputs""}";;1011;0;0;0;0;8;0;2;1;;;
2022-07-28T12:06:07.000-03:00;;;;;;;11;62e2a5df2f062d001273843a;62dfe29bf64d3100118bcb08;"{""mqtt_topic"":""inputs""}";;1011;0;0;0;0;8;0;2;1;;;
2022-07-28T11:57:55.000-03:00;;;2;62e2a3f32f062d0012737c64;62dfe29bf64d3100118bcb08;"{""mqtt_topic"":""ps_pin""}";43;62e2a3f32f062d0012737c62;62dfe29bf64d3100118bcb08;"{""mqtt_topic"":""inputs""}";;101011;0;0;32;0;8;0;2;1;;;
2022-07-28T11:53:27.000-03:00;;;;;;;43;62e2a2e757ec9d15a11808f9;62dfe29bf64d3100118bcb08;"{""mqtt_topic"":""inputs""}";;101011;0;0;32;0;8;0;2;1;;;
2022-07-28T11:52:14.000-03:00;;;;;;;43;62e2a29e41226431f2ba9f99;62dfe29bf64d3100118bcb08;"{""mqtt_topic"":""inputs""}";;101011;0;0;32;0;8;0;2;1;;;
2022-07-28T11:51:52.000-03:00;;;2;62e2a2885b80f131fea4aca4;62dfe29bf64d3100118bcb08;"{""mqtt_topic"":""ps_pin""}";43;62e2a2885b80f131fea4aca2;62dfe29bf64d3100118bcb08;"{""mqtt_topic"":""inputs""}";;101011;0;0;32;0;8;0;2;1;;;
2022-07-28T11:49:24.000-03:00;;;2;62e2a1f4fcaf58001979c83a;62dfe29bf64d3100118bcb08;"{""mqtt_topic"":""ps_pin""}";43;62e2a1f4fcaf58001979c838;62dfe29bf64d3100118bcb08;"{""mqtt_topic"":""inputs""}";;101011;0;0;32;0;8;0;2;1;;;
2022-07-28T11:39:57.000-03:00;;;2;62e29fbdfcaf58001979c2a5;62dfe29bf64d3100118bcb08;"{""mqtt_topic"":""ps_pin""}";11;62e29fbdfcaf58001979c2a3;62dfe29bf64d3100118bcb08;"{""mqtt_topic"":""inputs""}";;1011;0;0;0;0;8;0;2;1;;;
2022-07-28T11:38:46.000-03:00;;;2;62e29f762f062d001273697d;62dfe29bf64d3100118bcb08;"{""mqtt_topic"":""ps_pin""}";11;62e29f762f062d001273697b;62dfe29bf64d3100118bcb08;"{""mqtt_topic"":""inputs""}";;1011;0;0;0;0;8;0;2;1;;;
2022-07-28T11:38:23.000-03:00;;;2;62e29f5ffcaf58001979c1c8;62dfe29bf64d3100118bcb08;"{""mqtt_topic"":""ps_pin""}";11;62e29f5ffcaf58001979c1c6;62dfe29bf64d3100118bcb08;"{""mqtt_topic"":""inputs""}";;1011;0;0;0;0;8;0;2;1;;;
2022-07-28T11:38:02.000-03:00;;;;;;;11;62e29f4ad973dc001256ba5b;62dfe29bf64d3100118bcb08;"{""mqtt_topic"":""inputs""}";;1011;0;0;0;0;8;0;2;1;;;
2022-07-28T11:37:37.000-03:00;;;2;62e29f312f062d0012736880;62dfe29bf64d3100118bcb08;"{""mqtt_topic"":""ps_pin""}";11;62e29f312f062d001273687e;62dfe29bf64d3100118bcb08;"{""mqtt_topic"":""inputs""}";;1011;0;0;0;0;8;0;2;1;;;
2022-07-28T11:36:34.000-03:00;;;2;62e29ef2d973dc001256b7aa;62dfe29bf64d3100118bcb08;"{""mqtt_topic"":""ps_pin""}";11;62e29ef2d973dc001256b7a8;62dfe29bf64d3100118bcb08;"{""mqtt_topic"":""inputs""}";;1011;0;0;0;0;8;0;2;1;;;
2022-07-28T11:36:08.000-03:00;;;2;62e29ed8fcaf58001979c0b9;62dfe29bf64d3100118bcb08;"{""mqtt_topic"":""ps_pin""}";11;62e29ed8fcaf58001979c0b7;62dfe29bf64d3100118bcb08;"{""mqtt_topic"":""inputs""}";;1011;0;0;0;0;8;0;2;1;;;
2022-07-28T11:35:51.000-03:00;;;2;62e29ec7389275001900acda;62dfe29bf64d3100118bcb08;"{""mqtt_topic"":""ps_pin""}";11;62e29ec7389275001900acd8;62dfe29bf64d3100118bcb08;"{""mqtt_topic"":""inputs""}";;1011;0;0;0;0;8;0;2;1;;;
2022-07-28T11:35:31.000-03:00;;;2;62e29eb3389275001900ac33;62dfe29bf64d3100118bcb08;"{""mqtt_topic"":""ps_pin""}";11;62e29eb3389275001900ac31;62dfe29bf64d3100118bcb08;"{""mqtt_topic"":""inputs""}";;1011;0;0;0;0;8;0;2;1;;;
2022-07-28T11:34:36.000-03:00;;;2;62e29e7cfcaf58001979bf8b;62dfe29bf64d3100118bcb08;"{""mqtt_topic"":""ps_pin""}";11;62e29e7cfcaf58001979bf89;62dfe29bf64d3100118bcb08;"{""mqtt_topic"":""inputs""}";;1011;0;0;0;0;8;0;2;1;;;
2022-07-28T11:33:39.000-03:00;;;2;62e29e43d973dc001256b29e;62dfe29bf64d3100118bcb08;"{""mqtt_topic"":""ps_pin""}";11;62e29e43d973dc001256b29c;62dfe29bf64d3100118bcb08;"{""mqtt_topic"":""inputs""}";;1011;0;0;0;0;8;0;2;1;;;
2022-07-28T11:29:51.000-03:00;;;2;62e29d5f2f062d00127361d6;62dfe29bf64d3100118bcb08;"{""mqtt_topic"":""ps_pin""}";43;62e29d5f2f062d00127361d4;62dfe29bf64d3100118bcb08;"{""mqtt_topic"":""inputs""}";;101011;0;0;32;0;8;0;2;1;;;
2022-07-28T11:29:28.000-03:00;;;;;;;43;62e29d48389275001900a48e;62dfe29bf64d3100118bcb08;"{""mqtt_topic"":""inputs""}";;101011;0;0;32;0;8;0;2;1;;;
2022-07-28T11:28:55.000-03:00;;;2;62e29d27fcaf58001979bc47;62dfe29bf64d3100118bcb08;"{""mqtt_topic"":""ps_pin""}";11;62e29d27fcaf58001979bc45;62dfe29bf64d3100118bcb08;"{""mqtt_topic"":""inputs""}";192.168.15.109;1011;0;0;0;0;8;0;2;1;;;
2022-07-28T11:28:04.000-03:00;;;2;62e29cf4389275001900a302;62dfe29bf64d3100118bcb08;"{""mqtt_topic"":""ps_pin""}";10;62e29cf4389275001900a300;62dfe29bf64d3100118bcb08;"{""mqtt_topic"":""inputs""}";;1010;0;0;0;0;8;0;2;0;;;
2022-07-28T11:26:15.000-03:00;;;2;62e29c87d973dc001256a3e9;62dfe29bf64d3100118bcb08;"{""mqtt_topic"":""ps_pin""}";10;62e29c87d973dc001256a3e7;62dfe29bf64d3100118bcb08;"{""mqtt_topic"":""inputs""}";;1010;0;0;0;0;8;0;2;0;;;
2022-07-28T11:25:40.000-03:00;;;;;;;42;62e29c64d973dc001256a2b1;62dfe29bf64d3100118bcb08;"{""mqtt_topic"":""inputs""}";;101010;0;0;32;0;8;0;2;0;;;
2022-07-28T11:25:30.000-03:00;;;;;;;58;62e29c5ad973dc001256a241;62dfe29bf64d3100118bcb08;"{""mqtt_topic"":""inputs""}";;111010;0;0;32;16;8;0;2;0;;;
2022-07-28T11:25:20.000-03:00;;;;;;;26;62e29c50d973dc001256a1e8;62dfe29bf64d3100118bcb08;"{""mqtt_topic"":""inputs""}";;11010;0;0;0;16;8;0;2;0;;;
2022-07-28T11:25:05.000-03:00;;;;;;;10;62e29c41d973dc001256a180;62dfe29bf64d3100118bcb08;"{""mqtt_topic"":""inputs""}";;1010;0;0;0;0;8;0;2;0;;;
2022-07-28T11:24:25.000-03:00;;;2;62e29c19d973dc001256a011;62dfe29bf64d3100118bcb08;"{""mqtt_topic"":""ps_pin""}";27;62e29c19d973dc001256a00f;62dfe29bf64d3100118bcb08;"{""mqtt_topic"":""inputs""}";;11011;0;0;0;16;8;0;2;1;;;
2022-07-28T11:24:20.000-03:00;;;2;62e29c14d973dc0012569ff6;62dfe29bf64d3100118bcb08;"{""mqtt_topic"":""ps_pin""}";58;62e29c14d973dc0012569ff4;62dfe29bf64d3100118bcb08;"{""mqtt_topic"":""inputs""}";;111010;0;0;32;16;8;0;2;0;;;
2022-07-28T11:23:40.000-03:00;;;2;62e29becd973dc0012569eae;62dfe29bf64d3100118bcb08;"{""mqtt_topic"":""ps_pin""}";59;62e29becd973dc0012569eac;62dfe29bf64d3100118bcb08;"{""mqtt_topic"":""inputs""}";;111011;0;0;32;16;8;0;2;1;;;
2022-07-28T11:22:25.000-03:00;;;;;;;43;62e29ba1d973dc0012569c03;62dfe29bf64d3100118bcb08;"{""mqtt_topic"":""inputs""}";;101011;0;0;32;0;8;0;2;1;;;
2022-07-28T11:19:52.000-03:00;;;;;;;10;62e29b08d973dc0012569661;62dfe29bf64d3100118bcb08;"{""mqtt_topic"":""inputs""}";;1010;0;0;0;0;8;0;2;0;;;
2022-07-28T11:09:13.000-03:00;;;2;62e29889fcaf58001979afd8;62dfe29bf64d3100118bcb08;"{""mqtt_topic"":""ps_pin""}";10;62e29889fcaf58001979afd6;62dfe29bf64d3100118bcb08;"{""mqtt_topic"":""inputs""}";;1010;0;0;0;0;8;0;2;0;;;
2022-07-28T09:39:49.000-03:00;;;;;;;10;62e28395fcaf58001979789e;62dfe29bf64d3100118bcb08;"{""mqtt_topic"":""inputs""}";;1010;0;0;0;0;8;0;2;0;;;
2022-07-28T09:38:05.000-03:00;;;;;;;10;62e2832d38927500190000cd;62dfe29bf64d3100118bcb08;"{""mqtt_topic"":""inputs""}";;1010;0;0;0;0;8;0;2;0;;;
2022-07-28T09:37:31.000-03:00;;;;;;;10;62e2830bd973dc001255da4d;62dfe29bf64d3100118bcb08;"{""mqtt_topic"":""inputs""}";;1010;0;0;0;0;8;0;2;0;;;
2022-07-27T19:11:18.000-03:00;;;;;;;10;62e1b8067508c61599fb5d94;62dfe29bf64d3100118bcb08;"{""mqtt_topic"":""inputs""}";;1010;0;0;0;0;8;0;2;0;;;
2022-07-27T19:11:08.000-03:00;;;;;;;27;62e1b7fc7508c61599fb5d4a;62dfe29bf64d3100118bcb08;"{""mqtt_topic"":""inputs""}";;11011;0;0;0;16;8;0;2;1;;;
2022-07-27T19:11:03.000-03:00;;;;;;;11;62e1b7f77508c61599fb5d39;62dfe29bf64d3100118bcb08;"{""mqtt_topic"":""inputs""}";;1011;0;0;0;0;8;0;2;1;;;
2022-07-27T19:10:53.000-03:00;;;;;;;43;62e1b7ed7508c61599fb5c4e;62dfe29bf64d3100118bcb08;"{""mqtt_topic"":""inputs""}";;101011;0;0;32;0;8;0;2;1;;;
2022-07-27T19:10:33.000-03:00;;;;;;;11;62e1b7d97508c61599fb5bfb;62dfe29bf64d3100118bcb08;"{""mqtt_topic"":""inputs""}";;1011;0;0;0;0;8;0;2;1;;;
2022-07-27T19:10:23.000-03:00;;;;;;;10;62e1b7cf7508c61599fb5b9c;62dfe29bf64d3100118bcb08;"{""mqtt_topic"":""inputs""}";;1010;0;0;0;0;8;0;2;0;;;
2022-07-27T19:10:13.000-03:00;;;;;;;74;62e1b7c57508c61599fb5b75;62dfe29bf64d3100118bcb08;"{""mqtt_topic"":""inputs""}";;1001010;0;64;0;0;8;0;2;0;;;
2022-07-27T19:09:48.000-03:00;;;;;;;10;62e1b7ac7508c61599fb5ad9;62dfe29bf64d3100118bcb08;"{""mqtt_topic"":""inputs""}";;1010;0;0;0;0;8;0;2;0;;;
2022-07-27T19:09:21.000-03:00;;;;;;;74;62e1b7917508c61599fb5a00;62dfe29bf64d3100118bcb08;"{""mqtt_topic"":""inputs""}";;1001010;0;64;0;0;8;0;2;0;;;
2022-07-26T16:17:14.000-03:00;;;;;;;74;62e03dba41226431f2a86da8;62dfe29bf64d3100118bcb08;"{""mqtt_topic"":""inputs""}";;1001010;0;64;0;0;8;0;2;0;;;
2022-07-26T16:17:04.000-03:00;;;;;;;75;62e03db041226431f2a86ce8;62dfe29bf64d3100118bcb08;"{""mqtt_topic"":""inputs""}";;1001011;0;64;0;0;8;0;2;1;;;
2022-07-26T16:15:59.000-03:00;;;;;;;74;62e03d6f41226431f2a86736;62dfe29bf64d3100118bcb08;"{""mqtt_topic"":""inputs""}";;1001010;0;64;0;0;8;0;2;0;;;
2022-07-26T16:15:09.000-03:00;;;;;;;106;62e03d3d41226431f2a86325;62dfe29bf64d3100118bcb08;"{""mqtt_topic"":""inputs""}";;1101010;0;64;32;0;8;0;2;0;;;
2022-07-26T16:15:02.000-03:00;;;;;;;107;62e03d3641226431f2a86279;62dfe29bf64d3100118bcb08;"{""mqtt_topic"":""inputs""}";;1101011;0;64;32;0;8;0;2;1;;;
2022-07-26T16:14:02.000-03:00;;;;;;;107;62e03cfa7508c61599ec7108;62dfe29bf64d3100118bcb08;"{""mqtt_topic"":""inputs""}";;1101011;0;64;32;0;8;0;2;1;;;
2022-07-26T16:13:57.000-03:00;;;;;;;106;62e03cf57508c61599ec7106;62dfe29bf64d3100118bcb08;"{""mqtt_topic"":""inputs""}";;1101010;0;64;32;0;8;0;2;0;;;
2022-07-26T16:13:17.000-03:00;;;;;;;107;62e03ccd7508c61599ec6f68;62dfe29bf64d3100118bcb08;"{""mqtt_topic"":""inputs""}";;1101011;0;64;32;0;8;0;2;1;;;
2022-07-26T16:13:12.000-03:00;;;;;;;74;62e03cc87508c61599ec6f01;62dfe29bf64d3100118bcb08;"{""mqtt_topic"":""inputs""}";;1001010;0;64;0;0;8;0;2;0;;;
2022-07-26T16:12:22.000-03:00;;;;;;;75;62e03c967508c61599ec6dcb;62dfe29bf64d3100118bcb08;"{""mqtt_topic"":""inputs""}";;1001011;0;64;0;0;8;0;2;1;;;
2022-07-26T16:11:25.000-03:00;;;;;;;74;62e03c5d7508c61599ec6bc4;62dfe29bf64d3100118bcb08;"{""mqtt_topic"":""inputs""}";;1001010;0;64;0;0;8;0;2;0;;;
2022-07-26T15:28:25.000-03:00;;;;;;;255;62e03249d973dc0012430fca;62dfe29bf64d3100118bcb08;"{""mqtt_topic"":""inputs""}";;11111111;128;64;32;16;8;4;2;1;;;
2022-08-01T16:51:40.000-03:00;;;2;62e82ecc7508c615991cf4c4;62dfe29bf64d3100118bcb08;"{""mqtt_topic"":""ps_pin""}";;;;;;;;;;;;;;;;;
2022-08-01T16:51:00.000-03:00;;;2;62e82ea47508c615991cf3df;62dfe29bf64d3100118bcb08;"{""mqtt_topic"":""ps_pin""}";;;;;;;;;;;;;;;;;
2022-08-01T16:50:50.000-03:00;;;2;62e82e9a7508c615991cf373;62dfe29bf64d3100118bcb08;"{""mqtt_topic"":""ps_pin""}";;;;;;;;;;;;;;;;;
2022-08-01T16:50:25.000-03:00;;;2;62e82e817508c615991cf2ed;62dfe29bf64d3100118bcb08;"{""mqtt_topic"":""ps_pin""}";;;;;;;;;;;;;;;;;
2022-08-01T16:48:00.000-03:00;;;2;62e82df07508c615991cef4b;62dfe29bf64d3100118bcb08;"{""mqtt_topic"":""ps_pin""}";;;;;;;;;;;;;;;;;
2022-08-01T16:47:35.000-03:00;;;2;62e82dd77508c615991ceece;62dfe29bf64d3100118bcb08;"{""mqtt_topic"":""ps_pin""}";;;;;;;;;;;;;;;;;
2022-08-01T16:46:25.000-03:00;;;2;62e82d917508c615991ced33;62dfe29bf64d3100118bcb08;"{""mqtt_topic"":""ps_pin""}";;;;;;;;;;;;;;;;;
2022-07-29T11:22:13.000-03:00;;;2;62e3ed157508c61599070123;62dfe29bf64d3100118bcb08;"{""mqtt_topic"":""ps_pin""}";;;;;;;;;;;;;;;;;
2022-07-29T11:20:38.000-03:00;;;2;62e3ecb67508c6159906fedc;62dfe29bf64d3100118bcb08;"{""mqtt_topic"":""ps_pin""}";;;;;;;;;;;;;;;;;
2022-07-28T17:40:57.000-03:00;;;2;62e2f4595e4da8001b2f899f;62dfe29bf64d3100118bcb08;"{""mqtt_topic"":""ps_pin""}";;;;;;;;;;;;;;;;;
2022-07-28T15:56:44.000-03:00;;;2;62e2dbec57ec9d15a1192933;62dfe29bf64d3100118bcb08;"{""mqtt_topic"":""ps_pin""}";;;;;;;;;;;;;;;;;
2022-07-28T12:06:08.000-03:00;;;2;62e2a5e02f062d001273843c;62dfe29bf64d3100118bcb08;"{""mqtt_topic"":""ps_pin""}";;;;;;;;;;;;;;;;;
2022-07-28T11:53:28.000-03:00;;;2;62e2a2e857ec9d15a11808fb;62dfe29bf64d3100118bcb08;"{""mqtt_topic"":""ps_pin""}";;;;;;;;;;;;;;;;;
2022-07-28T11:52:15.000-03:00;;;2;62e2a29f41226431f2ba9f9d;62dfe29bf64d3100118bcb08;"{""mqtt_topic"":""ps_pin""}";;;;;;;;;;;;;;;;;
2022-07-28T11:38:03.000-03:00;;;2;62e29f4bd973dc001256ba5d;62dfe29bf64d3100118bcb08;"{""mqtt_topic"":""ps_pin""}";;;;;;;;;;;;;;;;;
2022-07-28T11:29:29.000-03:00;;;2;62e29d49389275001900a490;62dfe29bf64d3100118bcb08;"{""mqtt_topic"":""ps_pin""}";;;;;;;;;;;;;;;;;
2022-07-28T11:25:41.000-03:00;;;2;62e29c65d973dc001256a2b7;62dfe29bf64d3100118bcb08;"{""mqtt_topic"":""ps_pin""}";;;;;;;;;;;;;;;;;
2022-07-28T11:25:31.000-03:00;;;2;62e29c5bd973dc001256a243;62dfe29bf64d3100118bcb08;"{""mqtt_topic"":""ps_pin""}";;;;;;;;;;;;;;;;;
2022-07-28T11:25:21.000-03:00;;;2;62e29c51d973dc001256a1eb;62dfe29bf64d3100118bcb08;"{""mqtt_topic"":""ps_pin""}";;;;;;;;;;;;;;;;;
2022-07-28T11:25:06.000-03:00;;;2;62e29c42d973dc001256a182;62dfe29bf64d3100118bcb08;"{""mqtt_topic"":""ps_pin""}";;;;;;;;;;;;;;;;;
2022-07-28T11:22:26.000-03:00;;;2;62e29ba2d973dc0012569c05;62dfe29bf64d3100118bcb08;"{""mqtt_topic"":""ps_pin""}";;;;;;;;;;;;;;;;;
2022-07-28T11:19:53.000-03:00;;;2;62e29b09d973dc0012569663;62dfe29bf64d3100118bcb08;"{""mqtt_topic"":""ps_pin""}";;;;;;;;;;;;;;;;;
2022-08-01T10:21:01.000-03:00;;;;;;;;;;;192.168.15.109;62e7d33d7508c615991a8226;62dfe29bf64d3100118bcb08;"{""mqtt_topic"":""ip""}";My Address;62e7d33d7508c615991a8224;62dfe29bf64d3100118bcb08;"[44;-22]";"{""mqtt_topic"":""location""}";;;;
2022-08-01T08:36:47.000-03:00;;;;;;;;;;;192.168.15.109;62e7bacf41226431f2d87b24;62dfe29bf64d3100118bcb08;"{""mqtt_topic"":""ip""}";My Address;62e7bacf41226431f2d87b20;62dfe29bf64d3100118bcb08;"[44;-22]";"{""mqtt_topic"":""location""}";;;;
2022-07-29T09:06:01.000-03:00;;;;;;;;;;;192.168.15.109;62e3cd297508c615990665f3;62dfe29bf64d3100118bcb08;"{""mqtt_topic"":""ip""}";My Address;62e3cd297508c615990665f1;62dfe29bf64d3100118bcb08;"[44;-22]";"{""mqtt_topic"":""location""}";;;;
2022-07-28T17:14:11.000-03:00;;;;;;;;;;;192.168.15.109;62e2ee135e4da8001b2f4147;62dfe29bf64d3100118bcb08;"{""mqtt_topic"":""ip""}";My Address;62e2ee135e4da8001b2f4145;62dfe29bf64d3100118bcb08;"[44;-22]";"{""mqtt_topic"":""location""}";;;;
2022-07-28T16:19:48.000-03:00;;;;;;;;;;;192.168.15.109;62e2e1547508c6159901739b;62dfe29bf64d3100118bcb08;"{""mqtt_topic"":""ip""}";My Address;62e2e1547508c61599017399;62dfe29bf64d3100118bcb08;"[44;-22]";"{""mqtt_topic"":""location""}";;;;
2022-07-28T16:17:13.000-03:00;;;;;;;;;;;192.168.15.109;62e2e0b957ec9d15a11942cb;62dfe29bf64d3100118bcb08;"{""mqtt_topic"":""ip""}";My Address;62e2e0b957ec9d15a11942c9;62dfe29bf64d3100118bcb08;"[44;-22]";"{""mqtt_topic"":""location""}";;;;
2022-07-28T16:01:53.000-03:00;;;;;;;;;;;192.168.15.109;62e2dd215e4da8001b2e7d53;62dfe29bf64d3100118bcb08;"{""mqtt_topic"":""ip""}";My Address;62e2dd215e4da8001b2e7d51;62dfe29bf64d3100118bcb08;"[44;-22]";"{""mqtt_topic"":""location""}";;;;
2022-07-28T15:56:40.000-03:00;;;;;;;;;;;192.168.15.109;62e2dbe857ec9d15a1192917;62dfe29bf64d3100118bcb08;"{""mqtt_topic"":""ip""}";My Address;62e2dbe857ec9d15a1192915;62dfe29bf64d3100118bcb08;"[44;-22]";"{""mqtt_topic"":""location""}";;;;
2022-07-28T12:10:29.000-03:00;;;;;;;;;;;192.168.15.109;62e2a6e5d973dc001256f697;62dfe29bf64d3100118bcb08;"{""mqtt_topic"":""ip""}";My Address;62e2a6e5d973dc001256f695;62dfe29bf64d3100118bcb08;"[44;-22]";"{""mqtt_topic"":""location""}";;;;
2022-07-28T11:57:52.000-03:00;;;;;;;;;;;192.168.15.109;62e2a3f02f062d0012737c60;62dfe29bf64d3100118bcb08;"{""mqtt_topic"":""ip""}";My Address;62e2a3f02f062d0012737c5e;62dfe29bf64d3100118bcb08;"[44;-22]";"{""mqtt_topic"":""location""}";;;;
2022-07-28T11:53:25.000-03:00;;;;;;;;;;;192.168.15.109;62e2a2e557ec9d15a11808ee;62dfe29bf64d3100118bcb08;"{""mqtt_topic"":""ip""}";My Address;62e2a2e557ec9d15a11808ec;62dfe29bf64d3100118bcb08;"[44;-22]";"{""mqtt_topic"":""location""}";;;;
2022-07-28T11:52:12.000-03:00;;;;;;;;;;;192.168.15.109;62e2a29c41226431f2ba9f91;62dfe29bf64d3100118bcb08;"{""mqtt_topic"":""ip""}";My Address;62e2a29c41226431f2ba9f8d;62dfe29bf64d3100118bcb08;"[44;-22]";"{""mqtt_topic"":""location""}";;;;
2022-07-28T11:51:49.000-03:00;;;;;;;;;;;192.168.15.109;62e2a2855b80f131fea4ac91;62dfe29bf64d3100118bcb08;"{""mqtt_topic"":""ip""}";My Address;62e2a2855b80f131fea4ac83;62dfe29bf64d3100118bcb08;"[44;-22]";"{""mqtt_topic"":""location""}";;;;
2022-07-28T11:39:54.000-03:00;;;;;;;;;;;192.168.15.109;62e29fbafcaf58001979c2a1;62dfe29bf64d3100118bcb08;"{""mqtt_topic"":""ip""}";My Address;62e29fbafcaf58001979c29f;62dfe29bf64d3100118bcb08;"[44;-22]";"{""mqtt_topic"":""location""}";;;;
2022-07-28T11:38:43.000-03:00;;;;;;;;;;;192.168.15.109;62e29f732f062d0012736977;62dfe29bf64d3100118bcb08;"{""mqtt_topic"":""ip""}";My Address;62e29f732f062d0012736975;62dfe29bf64d3100118bcb08;"[44;-22]";"{""mqtt_topic"":""location""}";;;;
2022-07-28T11:38:21.000-03:00;;;;;;;;;;;192.168.15.109;62e29f5dfcaf58001979c1c4;62dfe29bf64d3100118bcb08;"{""mqtt_topic"":""ip""}";My Address;62e29f5dfcaf58001979c1c2;62dfe29bf64d3100118bcb08;"[44;-22]";"{""mqtt_topic"":""location""}";;;;
2022-07-28T11:38:00.000-03:00;;;;;;;;;;;192.168.15.109;62e29f48d973dc001256ba55;62dfe29bf64d3100118bcb08;"{""mqtt_topic"":""ip""}";My Address;62e29f48d973dc001256ba53;62dfe29bf64d3100118bcb08;"[44;-22]";"{""mqtt_topic"":""location""}";;;;
2022-07-28T11:37:34.000-03:00;;;;;;;;;;;192.168.15.109;62e29f2e2f062d001273687c;62dfe29bf64d3100118bcb08;"{""mqtt_topic"":""ip""}";My Address;62e29f2e2f062d001273687a;62dfe29bf64d3100118bcb08;"[44;-22]";"{""mqtt_topic"":""location""}";;;;
2022-07-28T11:36:31.000-03:00;;;;;;;;;;;192.168.15.109;62e29eefd973dc001256b791;62dfe29bf64d3100118bcb08;"{""mqtt_topic"":""ip""}";My Address;62e29eefd973dc001256b78f;62dfe29bf64d3100118bcb08;"[44;-22]";"{""mqtt_topic"":""location""}";;;;
2022-07-28T11:36:05.000-03:00;;;;;;;;;;;192.168.15.109;62e29ed5fcaf58001979c0b4;62dfe29bf64d3100118bcb08;"{""mqtt_topic"":""ip""}";My Address;62e29ed5fcaf58001979c0b2;62dfe29bf64d3100118bcb08;"[44;-22]";"{""mqtt_topic"":""location""}";;;;
2022-07-28T11:35:49.000-03:00;;;;;;;;;;;192.168.15.109;62e29ec5389275001900acbe;62dfe29bf64d3100118bcb08;"{""mqtt_topic"":""ip""}";My Address;62e29ec5389275001900acbc;62dfe29bf64d3100118bcb08;"[44;-22]";"{""mqtt_topic"":""location""}";;;;
2022-07-28T11:35:28.000-03:00;;;;;;;;;;;192.168.15.109;62e29eb0389275001900ac29;62dfe29bf64d3100118bcb08;"{""mqtt_topic"":""ip""}";My Address;62e29eb0389275001900ac27;62dfe29bf64d3100118bcb08;"[44;-22]";"{""mqtt_topic"":""location""}";;;;
2022-07-28T11:34:33.000-03:00;;;;;;;;;;;192.168.15.109;62e29e79fcaf58001979bf7f;62dfe29bf64d3100118bcb08;"{""mqtt_topic"":""ip""}";My Address;62e29e79fcaf58001979bf7d;62dfe29bf64d3100118bcb08;"[44;-22]";"{""mqtt_topic"":""location""}";;;;
2022-07-28T11:34:21.000-03:00;;;;;;;;;;;192.168.15.109;62e29e6d389275001900aa83;62dfe29bf64d3100118bcb08;"{""mqtt_topic"":""ip""}";My Address;62e29e6d389275001900aa81;62dfe29bf64d3100118bcb08;"[44;-22]";"{""mqtt_topic"":""location""}";;;;
2022-07-28T11:34:10.000-03:00;;;;;;;;;;;192.168.15.109;62e29e62389275001900aa65;62dfe29bf64d3100118bcb08;"{""mqtt_topic"":""ip""}";My Address;62e29e62389275001900aa63;62dfe29bf64d3100118bcb08;"[44;-22]";"{""mqtt_topic"":""location""}";;;;
2022-07-28T11:33:38.000-03:00;;;;;;;;;;;192.168.15.109;62e29e42d973dc001256b248;62dfe29bf64d3100118bcb08;"{""mqtt_topic"":""ip""}";My Address;62e29e42d973dc001256b246;62dfe29bf64d3100118bcb08;"[44;-22]";"{""mqtt_topic"":""location""}";;;;
2022-07-28T11:29:50.000-03:00;;;;;;;;;;;192.168.15.109;62e29d5e2f062d00127361d2;62dfe29bf64d3100118bcb08;"{""mqtt_topic"":""ip""}";My Address;62e29d5e2f062d00127361d0;62dfe29bf64d3100118bcb08;"[44;-22]";"{""mqtt_topic"":""location""}";;;;
2022-07-28T11:29:26.000-03:00;;;;;;;;;;;192.168.15.109;62e29d46389275001900a46c;62dfe29bf64d3100118bcb08;"{""mqtt_topic"":""ip""}";My Address;62e29d46389275001900a46a;62dfe29bf64d3100118bcb08;"[44;-22]";"{""mqtt_topic"":""location""}";;;;
2022-07-28T11:28:01.000-03:00;;;;;;;;;;;192.168.15.109;62e29cf1389275001900a2e0;62dfe29bf64d3100118bcb08;"{""mqtt_topic"":""ip""}";My Address;62e29cf1389275001900a2de;62dfe29bf64d3100118bcb08;"[44;-22]";"{""mqtt_topic"":""location""}";;;;
2022-07-28T11:19:51.000-03:00;;;;;;;;;;;192.168.15.109;62e29b07d973dc0012569658;62dfe29bf64d3100118bcb08;"{""mqtt_topic"":""ip""}";;;;;;;;;
2022-07-28T11:09:11.000-03:00;;;;;;;;;;;192.168.15.109;62e29887fcaf58001979afca;62dfe29bf64d3100118bcb08;"{""mqtt_topic"":""ip""}";My Address;62e29887fcaf58001979afc8;62dfe29bf64d3100118bcb08;"[-47.4634515;-23.53360637]";"{""mqtt_topic"":""location""}";;;;
2022-07-28T09:39:46.000-03:00;;;;;;;;;;;192.168.15.109;62e28392fcaf58001979789a;62dfe29bf64d3100118bcb08;"{""mqtt_topic"":""ip""}";My Address;62e28392fcaf580019797898;62dfe29bf64d3100118bcb08;"[-47.4634515;-23.53360637]";"{""mqtt_topic"":""location""}";-63;62e28392fcaf58001979789c;62dfe29bf64d3100118bcb08;"{""mqtt_topic"":""rssi""}"
2022-07-28T09:38:03.000-03:00;;;;;;;;;;;192.168.15.109;62e2832b38927500190000ca;62dfe29bf64d3100118bcb08;"{""mqtt_topic"":""ip""}";My Address;62e2832b38927500190000c6;62dfe29bf64d3100118bcb08;"[-47.4634515;-23.53360637]";"{""mqtt_topic"":""location""}";-60;62e2832b38927500190000c8;62dfe29bf64d3100118bcb08;"{""mqtt_topic"":""rssi""}"
2022-07-28T09:37:28.000-03:00;;;;;;;;;;;192.168.15.109;62e28308d973dc001255da3c;62dfe29bf64d3100118bcb08;"{""mqtt_topic"":""ip""}";My Address;62e28308d973dc001255da33;62dfe29bf64d3100118bcb08;"[-47.4634515;-23.53360637]";"{""mqtt_topic"":""location""}";-58;62e28308d973dc001255da3e;62dfe29bf64d3100118bcb08;"{""mqtt_topic"":""rssi""}"
2022-07-27T19:09:18.000-03:00;;;;;;;;;;;192.168.15.109;62e1b78e7508c61599fb59ee;62dfe29bf64d3100118bcb08;"{""mqtt_topic"":""ip""}";My Address;62e1b78e7508c61599fb59ec;62dfe29bf64d3100118bcb08;"[-47.4634515;-23.53360637]";"{""mqtt_topic"":""location""}";-50;62e1b78e7508c61599fb59f0;62dfe29bf64d3100118bcb08;"{""mqtt_topic"":""rssi""}"
2022-07-26T16:14:59.000-03:00;;;;;;;;;;;192.168.15.109;62e03d3341226431f2a86233;62dfe29bf64d3100118bcb08;"{""mqtt_topic"":""ip""}";My Address;62e03d3341226431f2a86229;62dfe29bf64d3100118bcb08;"[-47.4634515;-23.53360637]";"{""mqtt_topic"":""location""}";-69;62e03d3341226431f2a86235;62dfe29bf64d3100118bcb08;"{""mqtt_topic"":""rssi""}"
2022-07-26T16:11:22.000-03:00;;;;;;;;;;;192.168.15.109;62e03c5a7508c61599ec6ba9;62dfe29bf64d3100118bcb08;"{""mqtt_topic"":""ip""}";My Address;62e03c5a7508c61599ec6ba7;62dfe29bf64d3100118bcb08;"[-47.4634515;-23.53360637]";"{""mqtt_topic"":""location""}";-65;62e03c5a7508c61599ec6bab;62dfe29bf64d3100118bcb08;"{""mqtt_topic"":""rssi""}"
2022-07-26T15:28:22.000-03:00;;;;;;;;;;;192.168.15.109;62e03246d973dc0012430fb5;62dfe29bf64d3100118bcb08;"{""mqtt_topic"":""ip""}";My Address;62e03246d973dc0012430fb3;62dfe29bf64d3100118bcb08;"[-47.4634515;-23.53360637]";"{""mqtt_topic"":""location""}";-45;62e03246d973dc0012430fb7;62dfe29bf64d3100118bcb08;"{""mqtt_topic"":""rssi""}"
2022-07-26T15:28:11.000-03:00;;;;;;;;;;;192.168.15.109;62e0323bd973dc0012430f97;62dfe29bf64d3100118bcb08;"{""mqtt_topic"":""ip""}";My Address;62e0323bd973dc0012430f95;62dfe29bf64d3100118bcb08;"[-47.4634515;-23.53360637]";"{""mqtt_topic"":""location""}";-46;62e0323bd973dc0012430f99;62dfe29bf64d3100118bcb08;"{""mqtt_topic"":""rssi""}"
2022-07-28T11:19:50.000-03:00;;;;;;;;;;;;;;;My Address;62e29b06d973dc0012569656;62dfe29bf64d3100118bcb08;"[44;-22]";"{""mqtt_topic"":""location""}";;;;